<?xml version="1.0"?>
<!--
 *
 * BIGACE - a PHP and MySQL based Web CMS.
 * 
 * BIGACE is free software; you can redistribute it and/or
 * modify it under the terms of the GNU General Public License
 * as published by the Free Software Foundation; either version 2
 * of the License, or (at your option) any later version.
 * 
 * BIGACE is distributed in the hope that it will be useful,
 * but WITHOUT ANY WARRANTY; without even the implied warranty of
 * MERCHANTABILITY or FITNESS FOR A PARTICULAR PURPOSE.  See the
 * GNU General Public License for more details.
 * 
 * You should have received a copy of the GNU General Public License
 * along with this program; if not, write to the Free Software Foundation, 
 * Inc., 51 Franklin Street, Fifth Floor, Boston, MA  02110-1301, USA.
 * 
 * For further information visit {@link http://www.bigace.de http://www.bigace.de}.
 *
 * @author Kevin Papst 
 * @copyright Copyright (C) Kevin Papst
 * @version $Id: faq_structure.xml,v 1.1 2008/08/09 10:33:20 kpapst Exp $
 *
-->

<schema version="0.3">

  <table name="faq_entries">
    <descr>This table holds all faq entries.</descr>
    <opt platform="mysql">ENGINE=MyISAM CHARACTER SET utf8 COLLATE utf8_general_ci</opt>

    <field name="id" type="I" size="11">
      <NOTNULL/>
      <KEY/>
      <AUTOINCREMENT/>
    </field>

    <field name="cid" type="I" size="11">
      <NOTNULL/>
      <KEY/>
    </field>

    <field name="question" type="X" size="255">
      <NOTNULL/>
    </field>

    <field name="answer" type="X" size="255">
      <NOTNULL/>
      <DEFAULT value=""/>
    </field>

    <field name="timestamp" type="I" size="11">
      <NOTNULL/>
    </field>

    <index name="latest_entry">
      <col>cid</col>
      <col>timestamp</col>
    </index>
  </table>

  <table name="faq_mappings">
    <descr>Mappings between entries and sections.</descr>
    <opt platform="mysql">ENGINE=MyISAM CHARACTER SET utf8 COLLATE utf8_general_ci</opt>

    <field name="cid" type="I" size="11">
      <NOTNULL/>
      <KEY/>
    </field>

    <field name="section_id" type="I" size="11">
      <NOTNULL/>
      <KEY/>
    </field>

    <field name="entry_id" type="I" size="11">
      <NOTNULL/>
      <KEY/>
    </field>
  </table>

  <table name="faq_sections">
    <descr>This table holds all faq sections.</descr>
    <opt platform="mysql">ENGINE=MyISAM CHARACTER SET utf8 COLLATE utf8_general_ci</opt>

    <field name="id" type="I" size="11">
      <NOTNULL/>
      <KEY/>
      <AUTOINCREMENT/>
    </field>

    <field name="cid" type="I" size="11">
      <NOTNULL/>
      <KEY/>
    </field>

    <field name="name" type="X" size="255">
      <NOTNULL/>
    </field>

    <index name="section_cid">
      <col>cid</col>
      <col>name</col>
      <UNIQUE/>
    </index>
  </table>

</schema>
