<content version="1.0">

    <table name="configuration">
        <row>
            <cid key="true">{CID}</cid>
            <package key="true">news</package>
            <name key="true">root.id</name>
            <value></value>
            <type>menu_id</type>
        </row>
        <row>
            <cid key="true">{CID}</cid>
            <package key="true">news</package>
            <name key="true">default.language</name>
            <value></value>
            <type>language</type>
        </row>
        <row>
            <cid key="true">{CID}</cid>
            <package key="true">news</package>
            <name key="true">category.id</name>
            <value></value>
            <type>category</type>
        </row>
        <row>
            <cid key="true">{CID}</cid>
            <package key="true">news</package>
            <name key="true">template.news</name>
            <value></value>
            <type>design</type>
        </row>
    </table>  

    <table name="frights">
        <row>
            <cid key="true">{CID}</cid>
            <name key="true">news.edit</name>
            <defaultvalue>N</defaultvalue>
            <description>Allows to edit News entrys.</description>
        </row>
        <row>
            <cid key="true">{CID}</cid>
            <name key="true">news.create</name>
            <defaultvalue>N</defaultvalue>
            <description>Allows to create News entrys.</description>
        </row>
        <row>
            <cid key="true">{CID}</cid>
            <name key="true">news.delete</name>
            <defaultvalue>N</defaultvalue>
            <description>Allows to delete News entrys.</description>
        </row>
        <row>
            <cid key="true">{CID}</cid>
            <name key="true">news.categories</name>
            <defaultvalue>N</defaultvalue>
            <description>Allows to manage News categories.</description>
        </row>
    </table>    

</content>
