<?xml version="1.0"?>
<!--
 *
 * BIGACE - a PHP and MySQL based Web CMS.
 * 
 * BIGACE is free software; you can redistribute it and/or
 * modify it under the terms of the GNU General Public License
 * as published by the Free Software Foundation; either version 2
 * of the License, or (at your option) any later version.
 * 
 * BIGACE is distributed in the hope that it will be useful,
 * but WITHOUT ANY WARRANTY; without even the implied warranty of
 * MERCHANTABILITY or FITNESS FOR A PARTICULAR PURPOSE.  See the
 * GNU General Public License for more details.
 * 
 * You should have received a copy of the GNU General Public License
 * along with this program; if not, write to the Free Software Foundation, 
 * Inc., 51 Franklin Street, Fifth Floor, Boston, MA  02110-1301, USA.
 * 
 * For further information visit {@link http://www.bigace.de http://www.bigace.de}.
 *
 * @author Kevin Papst 
 * @copyright Copyright (C) Kevin Papst
 * @version $Id: comments_structure.xml,v 1.7 2009/02/28 00:51:32 kpapst Exp $
 *
-->

<bigace version="3.0">

  <table name="comment_spam_counter">
    <description>This table holds only one row with the value of all submitted spam comments.</description>
    <create>
        `cid` int(11) NOT NULL,
        `counter` int(11) NOT NULL,
        PRIMARY KEY (`cid`)
    </create>
  </table>

  <table name="comments">
    <description>This table holds all Comments.</description>
    <create>
        `id` int(11) NOT NULL AUTO_INCREMENT,
        `cid` int(11) NOT NULL,
        `itemtype` int(11) NOT NULL,
        `itemid` int(11) NOT NULL,
        `language` varchar(20) NOT NULL,
        `name` varchar(255) NOT NULL,
        `email` varchar(255) NOT NULL,
        `homepage` varchar(255) DEFAULT NULL,
        `ip` varchar(255) DEFAULT NULL,
        `comment` text,
        `timestamp` int(11) NOT NULL,
		`activated` tinyint(4) NOT NULL default '0',
		`anonymous` tinyint(4) NOT NULL default '0',
        `type` varchar(10) NOT NULL DEFAULT 'comment',
        PRIMARY KEY (`id`, `cid`),
        KEY `comments_listComments` (`cid`,`itemtype`,`itemid`,`language`,`email`,`timestamp`),
        KEY `comments_countComments` (`cid`,`itemtype`,`itemid`,`language`,`activated`)    
    </create>
  </table>
  
</bigace>