<content version="1.0">

    <table name="template">
        <row>
            <name key="true">andreas08</name>
            <cid key="true">{CID}</cid>
            <description>Andreas Viklunds free Template 'andreas08: ignore the trends'.</description>
            <inwork>0</inwork>
            <include>0</include>
            <timestamp function="true">unix_timestamp()</timestamp>
            <userid>1</userid>
            <filename>andreas08.tpl</filename>
            <content><![CDATA[ 
<!DOCTYPE html PUBLIC "-//W3C//DTD XHTML 1.1//EN" "http://www.w3.org/TR/xhtml11/DTD/xhtml11.dtd">
<html xmlns="http://www.w3.org/1999/xhtml" xml:lang="en">
<head>
<title>BIGACE | {$MENU->getName()}</title>
<meta http-equiv="content-type" content="text/html; charset=iso-8859-1" />
<meta name="description" content="Your website description goes here" />
<meta name="keywords" content="your,keywords,goes,here" />
<link rel="stylesheet" href="{$stylesheet}" type="text/css" media="screen, projection" >
{portlets assign="tplPortlets"}
{foreach from=$tplPortlets item="myPortlet"}
   {$myPortlet->getJavascript()}
{/foreach}
    <script type="text/javascript">
    var xTerm1 = 'Your searchterm is empty!';
    var xTerm2 = 'Your searchterm is too short!';
    {literal}
    function doQuickSearch()
    {
    	if(document.getElementById('s').value.length == 0) {
            alert(xTerm1);
        }
        else if(document.getElementById('s').value.length < 4) {
            alert(xTerm2);
        }
        else {
            fenster = open ("{link_search id=$MENU->getID()}","QuickSearch","menubar=no,toolbar=no,statusbar=no,directories=no,location=no,scrollbars=yes,resizable=no,height=510,width=430,screenX=0,screenY=0");
            bBreite=screen.width;
            bHoehe=screen.height;
            fenster.moveTo((bBreite-430)/2,(bHoehe-500)/2);
        	return fenster;
        }
		return false;
    }
    {/literal}
    </script>
</head>


<body>

<div id="container" >

<div id="header">
<h1>BIGACE Web Content Management</h1>
<h2>... easily manages your content!</h2>
</div>

<div id="navigation">
<ul>
{navigation id="-1" prefix="<li>" suffix="</li>" selected="selected"}
</ul>
</div>

<div id="content">
{modul menu=$MENU}
</div>

<div id="subcontent">

<div class="small box"><strong>Note: </strong>{$MENU->getDescription()}</div>

{foreach from=$tplPortlets item='myPortlet'}
   <h2>{$myPortlet->getTitle()}</h2>
   {$myPortlet->getHtml()}
{/foreach}

<h2>{$MENU->getName()} Menus</h2>

<ul class="menublock">
{navigation id="$MENU->getID()" prefix="<li>" suffix="</li>"}
</ul>

<h2>Favorite Links</h2>

<ul class="menublock">
  <li><a href="http://wiki.bigace.de">Docu Wiki</a></li>
  <li><a href="http://www.bigace.de/">BIGACE CMS</a></li>
  <li><a href="http://www.bigace.de/forum/">Community Forum</a></li>
  <li><a href="http://www.bigace.de/">Extension Download</a></li>

</ul>

<div id="searchbar"><h2>Search This Site</h2>
            <form action="{link_search id=$MENU->getID()}" method="post" target="QuickSearch" onSubmit="javascript:return doQuickSearch();">
                <fieldset>
                    <input type="text" name="data[search]" value="" id="s" />
                    <input type="hidden" name="data[langid]" value="{$MENU->getLanguageID()}" />
                    <input type="hidden" name="data[limit]" value="5" />
                    <input type="hidden" name="data[itemtype]" value="1" />
                    <input type="hidden" name="mode" value="2" />
                    <input type="submit" value="Search!" id="searchbutton" name="searchbutton" />
                </fieldset>
            </form>
</div>

</div>

<div id="footer">
<p>© 2007 <a href="#">Your Name</a> | Ported for <a href="http://www.bigace.de/">BIGACE</a> by <a href="http://www.kevinpapst.de/">Kevin Papst</a> | Design by <a href="http://andreasviklund.com">Andreas Viklund</a></p>
</div>

</div>

</body>
</html>            ]]></content>
        </row>
    </table>    

    <table name="stylesheet">
        <row>
            <name key="true">andreas08</name>
            <cid key="true">{CID}</cid>
            <description>Stylesheet for the 'andreas08:ignore the trends' Template.</description>
            <filename>andreas08.css</filename>
            <editorcss>andreas08.css</editorcss>
        </row>
    </table>    

    <table name="design">
        <row>
            <name key="true">Andreas08-IgnoreTheTrends</name>
            <cid key="true">{CID}</cid>
            <description>Andreas Viklunds centered and boxed free Template port.</description>
            <stylesheet>andreas08</stylesheet>
            <template>andreas08</template>
            <portlets>1</portlets>
        </row>
    </table>    

</content>