﻿<content version="1.0">

    <table name="item_1" update="false">
        <row>
            <id key="true">-1</id>
            <cid key="true">{CID}</cid>
            <language key="true">hr</language>
            <mimetype>text/html</mimetype>
            <name>Home</name>
            <parentid>-9999</parentid>
            <description>Menu TOP-LEVEL</description>
            <catchwords>BIGACE WEB CMS</catchwords>
            <createdate function="true">unix_timestamp()</createdate>
            <createby>1</createby>
            <modifieddate function="true">unix_timestamp()</modifieddate>
            <modifiedby>1</modifiedby>
            <workflow></workflow>
            <unique_name>index_hr.html</unique_name>
            <text_1>-1_hr.html</text_1>
            <text_2>-1_hr.html</text_2>
            <text_3>Prikaži sadržaj</text_3>
            <text_4>BLIX</text_4>
            <text_5>Čestitamo instalacija vašeg BIGACE CMS je uspješno završena Nakon kreiranja vašeg prvog potrošača Web stranice započnite sa struktuiranjem vaše stranice i sadržaja prvi korak je da se Prijavite sa vašim Korisničkim Imenom i Zaporkom koje ste unijeli tijekom instalacije Nakon uspješne prijave pojavljuju se alati administracije koji daju punu kontrolu BIGACE sustava komponenti sadržaja i raznih urednika koji vam omogučuju da promijenite sadašnje stranice u Pomoći i vezama naći će se mnoge informacije o BIGACE sadržajima i komponentama sustava Dokumentacija daljnje korisne informacije uprava Teme modula Izgledi vaš posljednji zahtjev će poštovati e-mail Ostvarite svoje  web stranice s BIGACE Pošalji Logo neke daljnje informacije će izlistati popis Instalacija referenci  Napravite sa BIGACE Vase web stranice</text_5>
            <num_1 null="true" />
            <num_2 null="true" />
            <num_3>1</num_3>
            <num_4>0</num_4>
            <num_5>0</num_5>
            <date_1>0</date_1>
            <date_2>0</date_2>
            <date_3>0</date_3>
            <date_4>0</date_4>
            <date_5>0</date_5>
        </row>
    </table>

    <table name="item_4" update="false">
        <row>
            <id key="true">-1</id>
            <cid key="true">{CID}</cid>
            <language key="true">hr</language>
            <mimetype>image/gif</mimetype>
            <name>Images</name>
            <parentid>-9999</parentid>
            <description>Immagine TOP-LEVEL</description>
            <catchwords></catchwords>
            <createdate function="true">unix_timestamp()</createdate>
            <createby>1</createby>
            <modifieddate function="true">unix_timestamp()</modifieddate>
            <modifiedby>1</modifiedby>
            <workflow></workflow>
            <unique_name></unique_name>
            <text_1>empty.gif</text_1>
            <text_2></text_2>
            <text_3></text_3>
            <text_4></text_4>
            <text_5></text_5>
            <num_1 null="true" />
            <num_2 null="true" />
            <num_3>0</num_3>
            <num_4>0</num_4>
            <num_5>0</num_5>
            <date_1>0</date_1>
            <date_2>0</date_2>
            <date_3>0</date_3>
            <date_4>0</date_4>
            <date_5>0</date_5>
        </row>
    </table>    

    <table name="item_5" update="false">
        <row>
            <id key="true">-1</id>
            <cid key="true">{CID}</cid>
            <language key="true">hr</language>
            <mimetype>image/gif</mimetype>
            <name>Documenti</name>
            <parentid>-9999</parentid>
            <description>Documenti TOP-LEVEL</description>
            <catchwords></catchwords>
            <createdate function="true">unix_timestamp()</createdate>
            <createby>1</createby>
            <modifieddate function="true">unix_timestamp()</modifieddate>
            <modifiedby>1</modifiedby>
            <workflow></workflow>
            <unique_name></unique_name>
            <text_1>empty.gif</text_1>
            <text_2></text_2>
            <text_3></text_3>
            <text_4></text_4>
            <text_5></text_5>
            <num_1>0</num_1>
            <num_2>0</num_2>
            <num_3>0</num_3>
            <num_4>0</num_4>
            <num_5>0</num_5>
            <date_1>0</date_1>
            <date_2>0</date_2>
            <date_3>0</date_3>
            <date_4>0</date_4>
            <date_5>0</date_5>
        </row>
    </table>    

    <table name="unique_name" update="false">
        <row>
            <cid key="true">{CID}</cid>
            <itemtype key="true">1</itemtype>
            <itemid key="true">-1</itemid>
            <language key="true">hr</language>
            <name>index_hr.html</name>
        </row>
    </table>

</content>
