<content version="1.0">
    <table name="item_1" update="false">
        <row>
            <id key="true">-1</id>
            <cid key="true">{CID}</cid>
            <language key="true">se</language>
            <mimetype>text/html</mimetype>
            <name>Start</name>
            <parentid>-9999</parentid>
            <description>Meny rot-nivå</description>
            <catchwords>BIGACE WEB CMS</catchwords>
            <createdate function="true">unix_timestamp()</createdate>
            <createby>1</createby>
            <modifieddate function="true">unix_timestamp()</modifieddate>
            <modifiedby>1</modifiedby>
            <workflow></workflow>
            <unique_name>index_se.html</unique_name>
            <text_1>-1_se.html</text_1>
            <text_2>-1_se.html</text_2>
            <text_3>displayContent</text_3>
            <text_4>BLIX</text_4>
            <text_5><![CDATA[
            Välkommen till din nya BIGACE-powered Websida. Den här texten guidar dig genom de första stegen med BIGACE. 
Den första saken du skall göra är att logga in med det användarnamn och lösenord som du angav vid installationen. Det finns två länkar för att göra detta, den ena här till höger under verktyg, den andra längst ned på sidan.
När du väl har loggat in skall du öppna Kontrollpanelen och ställa in din sites konfiguration. Om du vill ta bort denna text klickar du på Redigera sidans innehåll och redigerar/raderar denna text.
Vi föreslår att du tittar runt i Kontrollpanelen och utforskar de olika möjligheterna som BIGACE erbjuder. för ytterligare information konsultera online manualen som du hittar längst upp till höger i Kontrollpanelen.
För att hitta ytterligare information om BIGACE kan du besöka BIGACE hemsidan Forumet eller Sourceforge Projectsidor. 
Ha det så trevligt med BIGACE. 
			]]></text_5>
            <num_1 null="true" />
            <num_2 null="true" />
            <num_3>1</num_3>
            <num_4>0</num_4>
            <num_5>0</num_5>
            <date_1>0</date_1>
            <date_2>0</date_2>
            <date_3>0</date_3>
            <date_4>0</date_4>
            <date_5>0</date_5>
        </row>
    </table>

    <table name="item_4" update="false">
        <row>
            <id key="true">-1</id>
            <cid key="true">{CID}</cid>
            <language key="true">se</language>
            <mimetype>image/gif</mimetype>
            <name>Bilder</name>
            <parentid>-9999</parentid>
            <description>Bilder Rot-nivå</description>
            <catchwords></catchwords>
            <createdate function="true">unix_timestamp()</createdate>
            <createby>1</createby>
            <modifieddate function="true">unix_timestamp()</modifieddate>
            <modifiedby>1</modifiedby>
            <workflow></workflow>
            <unique_name></unique_name>
            <text_1>empty.gif</text_1>
            <text_2></text_2>
            <text_3></text_3>
            <text_4></text_4>
            <text_5></text_5>
            <num_1 null="true" />
            <num_2 null="true" />
            <num_3>0</num_3>
            <num_4>0</num_4>
            <num_5>0</num_5>
            <date_1>0</date_1>
            <date_2>0</date_2>
            <date_3>0</date_3>
            <date_4>0</date_4>
            <date_5>0</date_5>
        </row>
    </table>    

    <table name="item_5" update="false">
        <row>
            <id key="true">-1</id>
            <cid key="true">{CID}</cid>
            <language key="true">se</language>
            <mimetype>image/gif</mimetype>
            <name>Filer</name>
            <parentid>-9999</parentid>
            <description>Filer rot-nivå</description>
            <catchwords></catchwords>
            <createdate function="true">unix_timestamp()</createdate>
            <createby>1</createby>
            <modifieddate function="true">unix_timestamp()</modifieddate>
            <modifiedby>1</modifiedby>
            <workflow></workflow>
            <unique_name></unique_name>
            <text_1>empty.gif</text_1>
            <text_2></text_2>
            <text_3></text_3>
            <text_4></text_4>
            <text_5></text_5>
            <num_1>0</num_1>
            <num_2>0</num_2>
            <num_3>0</num_3>
            <num_4>0</num_4>
            <num_5>0</num_5>
            <date_1>0</date_1>
            <date_2>0</date_2>
            <date_3>0</date_3>
            <date_4>0</date_4>
            <date_5>0</date_5>
        </row>
    </table>    

    <table name="unique_name" update="false">
        <row>
            <cid key="true">{CID}</cid>
            <itemtype key="true">1</itemtype>
            <itemid key="true">-1</itemid>
            <language key="true">se</language>
            <name>index_se.html</name>
        </row>
    </table>

    <table name="item_project_text">
        <row>
            <itemtype key="true">1</itemtype>
            <id key="true">-1</id>
            <cid key="true">{CID}</cid>
            <language key="true">se</language>
            <project_key key="true">portlet.config.column.1</project_key>
            <project_value><![CDATA[<?xml version='1.0'?>
<Portlets>
	<ToolPortlet css="toolPortlet" login="1" home="" />
	<NavigationPortlet css="navigationPortlet" hide.if.empty="1" language="" id="" />
	<LastEditedItemsPortlet css="lastEditedItemsPortlet" language="" amount="5" />
</Portlets>			
           	]]></project_value>
        </row>
</table>
        
</content>
