<?xml version="1.0" encoding="utf-8"?>
<!--
 * Bigace - a PHP and MySQL based Web CMS.
 *
 * LICENSE
 *
 * This source file is subject to the new GNU General Public License 
 * that is bundled with this package in the file LICENSE.
 * It is also available through the world-wide-web at this URL:
 * http://www.bigace.de/license.html
 * 
 * Bigace is distributed in the hope that it will be useful,
 * but WITHOUT ANY WARRANTY; without even the implied warranty of
 * MERCHANTABILITY or FITNESS FOR A PARTICULAR PURPOSE. See the
 * GNU General Public License for more details.
 *
 * @category   Bigace
 * @copyright  Copyright (c) 2009-2010 Keleo (http://www.keleo.de)
 * @license    http://www.bigace.de/license.html     GNU Public License
 * @version    $Id: blix_design.xml 548 2010-05-05 09:51:00Z bigace $
-->
<content version="1.0">

    <table name="configuration">
        <row>
            <cid key="true">{CID}</cid>
            <package key="true">blix.design</package>
            <name key="true">show.footer.login</name>
            <value>TRUE</value>
            <type>boolean</type>
        </row>
        <row>
            <cid key="true">{CID}</cid>
            <package key="true">blix.design</package>
            <name key="true">show.home.in.topmenu</name>
            <value>TRUE</value>
            <type>boolean</type>
        </row>
        <row>
            <cid key="true">{CID}</cid>
            <package key="true">blix.design</package>
            <name key="true">top.menu.start.id</name>
            <value>-1</value>
            <type>menu_id</type>
        </row>
    </table>    

</content>