<content version="1.0">

    <table name="configuration">
        <row>
            <cid key="true">{CID}</cid>
            <package key="true">editor</package>
            <name key="true">default.editor</name>
            <value>fckeditor</value>
        </row>
        <row>
            <cid key="true">{CID}</cid>
            <package key="true">editor</package>
            <name key="true">fckeditor.toolbar</name>
            <value>full</value>
            <type>string</type>
            <extended></extended>
        </row>
    </table>

</content>
