<content version="1.0">
    <table name="frights">
        <row>
            <cid key="true">{CID}</cid>
            <name key="true">news.edit</name>
            <defaultvalue>N</defaultvalue>
            <description>Allows to edit News entrys.</description>
        </row>
        <row>
            <cid key="true">{CID}</cid>
            <name key="true">news.create</name>
            <defaultvalue>N</defaultvalue>
            <description>Allows to create News entrys.</description>
        </row>
        <row>
            <cid key="true">{CID}</cid>
            <name key="true">news.delete</name>
            <defaultvalue>N</defaultvalue>
            <description>Allows to delete News entrys.</description>
        </row>
        <row>
            <cid key="true">{CID}</cid>
            <name key="true">news.categories</name>
            <defaultvalue>N</defaultvalue>
            <description>Allows to manage News categories.</description>
        </row>
    </table>    

    <table name="template">
        <row>
            <name key="true">News-RSS-Latest</name>
            <cid key="true">{CID}</cid>
            <description>Renders an RSS Feed in Atom 2.0, displaying your latest News.</description>
            <inwork>0</inwork>
            <include>0</include>
            <timestamp function="true">unix_timestamp()</timestamp>
            <userid>1</userid>
            <filename>News-RSS-Latest.tpl</filename>
            <content><![CDATA[<rss xmlns:atom="http://www.w3.org/2005/Atom" version="2.0">
  <channel>
	<title>Site Name - Latest News</title>

    <link>{directory name="addon_web"}news.php</link>
    <description>The latest News</description>
    <generator>{bigace_version full=true}</generator>
    <docs>http://blogs.law.harvard.edu/tech/rss</docs>

    <language>en-en</language>
    <copyright>Copyright holder</copyright>
    <managingEditor>Your Name (email@yourdomain.com)</managingEditor>
    <webMaster>Someones Name (email@yourdomain.com)</webMaster>
    <pubDate>{$smarty.now|news_date}</pubDate>
    <lastBuildDate>{$smarty.now|news_date}</lastBuildDate>

    <!-- image>
      <url>URL where the image ist stored</url>
      <title>Image title</title>
      <link>where the image should link to</link>
      <width>Image width in pixel</width>
      <height>Image height in pixel</height>
      <description>Image description</description>
    </image -->
	
    <atom:link href="{directory name="addon_web"}news.php" rel="self" type="application/rss+xml"/>

	{news assign="latest" limit="10"}
	{foreach from=$latest item="news"}
		<item>
		  <title>{$news->getTitle()|htmlspecialchars|utf8}</title>
		  <link>{link item=$news}</link>
		  <description><![CDATA[
		  {$news->getTeaser()|htmlspecialchars|utf8}<br/><a href="{link item=$news}">Read more...</a>
		  {if !is_null($news->getImageID())}
		  {load_item itemtype=4 id=$news->getImageID() assign="newsImage"}
		  <br /><img src="{link item=$newsImage}" alt="{$newsImage->getName()|utf8}" border="0">
		  ]]]]><![CDATA[></description>
		  <enclosure url="{link item=$newsImage}" length="{$newsImage->getSize()}" type="{$newsImage->getMimetype()}"/>
		  {else}
		  ]]]]><![CDATA[></description>
		  {/if}
		  <pubDate>{$news->getDate()|news_date}</pubDate>
		  <guid isPermaLink="true">{link item=$news}</guid>
		</item>
	{/foreach}
  </channel>  
</rss>
]]></content>
        </row>
        <row>
            <name key="true">News-Entry</name>
            <cid key="true">{CID}</cid>
            <description>Display a single News item.</description>
            <inwork>0</inwork>
            <include>0</include>
            <timestamp function="true">unix_timestamp()</timestamp>
            <userid>1</userid>
            <filename>News-Entry.tpl</filename>
            <content><![CDATA[
{configuration package="templates" key="application.header" default="APPLICATIONS-HEADER" assign="tplHeaderName"}
{template name=$tplHeaderName assign="tplHeader"}
{news_item id=$MENU->getID() assign="newsPage"}
{include file=$tplHeader->getFilename()}
<link href="{stylesheet name="News"}" rel="stylesheet" type="text/css" />

<div class="news-entry">
	{load_item itemtype=4 id=$newsPage->getImageID() assign="newsImage"}
	<a href="{link item=$newsPage}" title="{$newsImage->getName()}">
    	<img src="{thumbnail id=$newsPage->getImageID() width="100"}" class="news-image" alt="{$newsImage->getName()}" align="left">
	</a>
	<h2>{$newsPage->getTitle()}</h2>
    <h3>posted on {$newsPage->getDate()|date_format:"%d %B, %Y"} by {user id=$newsPage->getCreateByID()}</h3>
	<p><b>{$newsPage->getTeaser()}</b></p>
	<p>{$newsPage->getContent()}</p>
	<p>published in: {news_category item=$newsPage suffix="," last=""} by {user id=$newsPage->getCreateByID()}</p>
</div>            

{configuration package="templates" key="application.footer" default="APPLICATIONS-FOOTER" assign="tplFooterName"}
{template name=$tplFooterName assign="tplFooter"}
{include file=$tplFooter->getFilename()}
]]></content>
        </row>
    </table>

    <table name="stylesheet">
        <row>
            <name key="true">News</name>
            <cid key="true">{CID}</cid>
            <description>Stylesheet for the 'News' Template.</description>
            <filename>news/news.css</filename>
            <editorcss>News</editorcss>
        </row>
    </table>

	<table name="design">
        <row>
            <name key="true">News-Entry</name>
            <cid key="true">{CID}</cid>
            <description>Demo for the News start page.</description>
            <stylesheet>News</stylesheet>
            <template>News-Entry</template>
            <portlets>0</portlets>
        </row>
    </table>    


    <table name="configuration">
        <row update="false">
            <cid key="true">{CID}</cid>
            <package key="true">news</package>
            <name key="true">root.id</name>
            <value></value>
            <type>menu_id</type>
        </row>
        <row update="false">
            <cid key="true">{CID}</cid>
            <package key="true">news</package>
            <name key="true">default.language</name>
            <value></value>
            <type>language</type>
        </row>
        <row update="false">
            <cid key="true">{CID}</cid>
            <package key="true">news</package>
            <name key="true">category.id</name>
            <value></value>
            <type>category</type>
        </row>
        <row update="false">
            <cid key="true">{CID}</cid>
            <package key="true">news</package>
            <name key="true">template.news</name>
            <value>News-Entry</value>
            <type>design</type>
        </row>
        <row>
            <cid key="true">{CID}</cid>
            <package key="true">news</package>
            <name key="true">unique.name.pattern</name>
            <value></value>
            <type>string</type>
        </row>
        <row update="false">
            <cid key="true">{CID}</cid>
            <package key="true">news</package>
            <name key="true">rss.latest.template</name>
            <value>News-RSS-Latest</value>
            <type>template</type>
        </row>
    </table>


</content>