<?xml version="1.0" encoding="UTF-8"?>

<content version="1.0">

    <table name="frights">
        <row>
            <cid key="true">{CID}</cid>
            <name key="true">fotogallery_admin</name>
            <defaultvalue>N</defaultvalue>
            <description>Allow User to administrate the Foto Gallery settings.</description>
        </row>
    </table>  

    <table name="stylesheet">
        <row>
            <name key="true">Fotogallery</name>
            <cid key="true">{CID}</cid>
            <description>Fotogallery stylesheet with Lighbox integration.</description>
            <filename>css/fotogallery.css</filename>
            <editorcss>Lightbox</editorcss>
        </row>
    </table>  

</content>        