<?xml version="1.0" encoding="UTF-8"?>
<!--
 *
 * BIGACE - a PHP and MySQL based Web CMS.
 * 
 * BIGACE is free software; you can redistribute it and/or
 * modify it under the terms of the GNU General Public License
 * as published by the Free Software Foundation; either version 2
 * of the License, or (at your option) any later version.
 * 
 * BIGACE is distributed in the hope that it will be useful,
 * but WITHOUT ANY WARRANTY; without even the implied warranty of
 * MERCHANTABILITY or FITNESS FOR A PARTICULAR PURPOSE.  See the
 * GNU General Public License for more details.
 * 
 * You should have received a copy of the GNU General Public License
 * along with this program; if not, write to the Free Software Foundation, 
 * Inc., 51 Franklin Street, Fifth Floor, Boston, MA  02110-1301, USA.
 * 
 * For further information visit {@link http://www.bigace.de http://www.bigace.de}.
 *
 * @author Kevin Papst 
 * @copyright Copyright (C) Kevin Papst
 * @version $Id: comments_structure.xml,v 1.7 2009/02/28 00:51:32 kpapst Exp $
 *
-->
<content version="1.0">

    <table name="frights">
        <row>
            <cid key="true">{CID}</cid>
            <name key="true">submenu.preview</name>
            <description>Allows to configure the Submenu-Preview settings.</description>
        </row>
    </table> 


    <table name="group_frights" update="false">
        <row>
            <cid key="true">{CID}</cid>
            <group_id key="true">40</group_id>
            <fright key="true">submenu.preview</fright>
        </row>
    </table>
    
</content>