<content version="1.0">

    <table name="template">
        <row>
            <name key="true">BLIX</name>
            <cid key="true">{CID}</cid>
            <description>The default Template for BIGACE.</description>
            <inwork>0</inwork>
            <include>0</include>
            <timestamp function="true">unix_timestamp()</timestamp>
            <userid>1</userid>
            <filename>BLIX.tpl</filename>
            <content><![CDATA[ 
{load_translation name="blix"}
{load_translation name="applications"}
{load_item id="-1" itemtype="1" assign="topLevel"}
{configuration cache="blix.design"}
{portlets assign="blixPortlets"}
{include file="BLIX+Header.tpl"}
<hr class="low" />

<div id="content">
{modul menu=$MENU}
<p style="clear:both;font-size: x-small;">{translate key="written_at"} {$MENU->getCreateDate()|date_format:"%d. %B %Y"} {translate key="written_by"} {user id=$MENU->getCreateByID()}</p>
{addthis_widget_drop}
</div>

<hr class="low" />

<div id="subcontent">

{foreach from=$blixPortlets item='myPortlet'}
   <h2><em>{$myPortlet->getTitle()}</em></h2>
   {$myPortlet->getHtml()}
{/foreach}

</div>

<hr class="low" />
{include file="BLIX+Footer.tpl"}
            ]]></content>
        </row>
        <row>
            <name key="true">BLIX (Footer)</name>
            <cid key="true">{CID}</cid>
            <description>Footer for the BLIX Design.</description>
            <inwork>0</inwork>
            <include>1</include>
            <timestamp function="true">unix_timestamp()</timestamp>
            <userid>1</userid>
            <filename>BLIX+Footer.tpl</filename>
            <content><![CDATA[<div id="footer">
    <p><strong>&copy; Copyright {$smarty.now|date_format:"%Y"} {configuration package="blix.design" key="copyright.footer" default="Kevin Papst"}. All rights reserved.</strong><br />
    Powered by {bigace_version link=true full=true}. 
{if $USER->isAnonymous()}
	<a target="_self" href="{link_login id=$MENU->getID()}">{translate key="login"}</a>
{else}
    <a target="_blank" href="{link_admin id=$MENU->getID()}">{translate key="admin"}</a> | <a target="_self" href="{link_logout id=$MENU->getID()}">{translate key="logout"}</a>
{/if}
</p>
</div>

</div>
</body>
</html>
            ]]></content>
        </row>
        <row>
            <name key="true">BLIX (Header)</name>
            <cid key="true">{CID}</cid>
            <description>Header of the BLIX Design.</description>
            <inwork>0</inwork>
            <include>1</include>
            <timestamp function="true">unix_timestamp()</timestamp>
            <userid>1</userid>
            <filename>BLIX+Header.tpl</filename>
            <content><![CDATA[<!DOCTYPE html PUBLIC "-//W3C//DTD XHTML 1.0 Strict//EN" "http://www.w3.org/TR/xhtml1/DTD/xhtml1-strict.dtd">
		<html xmlns="http://www.w3.org/1999/xhtml" xml:lang="{$MENU->getLanguageID()}" lang="{$MENU->getLanguageID()}">
		<head>
		    <title>{$MENU->getName()}</title>
		    <meta http-equiv="Content-Type" content="text/html; charset=ISO-8859-1" />
		    <link rel="stylesheet" href="{stylesheet name="blix_stylesheet_main"}" type="text/css" media="screen, projection" >
		    <meta name="generator" content="{bigace_version full='true'}">
		    <style type="text/css">
		    {literal}
		    .CopyrightFooter { margin-top:10px; }
		    .copyright { font-size: 12px; color: #444444; }
		    {/literal}
		    </style> 
		{foreach from=$blixPortlets item="myPortlet"}
		   {$myPortlet->getJavascript()}
		{/foreach}
		    <script type="text/javascript">
		    var xTerm1 = '{translate key="empty_searchterm"}';
		    var xTerm2 = '{translate key="short_searchterm"}';
		    {literal}
		    function doQuickSearch()
		    {
		    	if(document.getElementById('s').value.length == 0) {
		            alert(xTerm1);
					return false;
		        }
		        else if(document.getElementById('s').value.length < 4) {
		            alert(xTerm2);
					return false;
		        }
				return true;
		    }
		    {/literal}
		    </script>
		<body>
		<div id="container">
		
		<div id="header"> 
		    <h1><a href="{navilink id="-1"}">{$MENU->getName()}</a></h1>
		    <div class="languages">{switch_language languages="de,en" hideActive="true"}</div>
		</div>
		
		<table cellspacing="0" cellpadding="0" border="0" width="100%">
		<tr>
		    <td>
		        <div id="navigation">
		            <ul>
						{configuration package="blix.design" key="show.home.in.topmenu" default=true assign="homeInMenu"}
						{if $homeInMenu}
		    	            <li><a href="{navilink item="$topLevel"}">{$topLevel->getName()}</a></li>
						{/if}
		                {navigation id="-1" prefix="<li>" suffix="</li>" selected="selected"}
		            </ul>
		        </div>
		    </td>
		    <td valign="top">
		        <div id="navigation">
		            <form action="{link_search id=$MENU->getID()}" method="post" onSubmit="return doQuickSearch();">
		                <fieldset>
		                    <input type="text" name="search" value="" id="s" />
		                    <input type="hidden" name="language" value="{$MENU->getLanguageID()}" />
		                    <input type="submit" value="{translate key="search_button"}" id="searchbutton" name="searchbutton" />
		                </fieldset>
		            </form>
		        </div>
		    </td>
		</tr>
		</table>
]]></content>
        </row>
        <row>
            <name key="true">BLIX (Header Applications)</name>
            <cid key="true">{CID}</cid>
            <description>Header for Applications, using the BLIX Design style.</description>
            <inwork>0</inwork>
            <include>1</include>
            <timestamp function="true">unix_timestamp()</timestamp>
            <userid>1</userid>
            <filename>BLIX+Header+Applications.tpl</filename>
            <content><![CDATA[<!DOCTYPE html PUBLIC "-//W3C//DTD XHTML 1.0 Strict//EN" "http://www.w3.org/TR/xhtml1/DTD/xhtml1-strict.dtd">
{load_translation name="blix"}
{load_translation name="applications"}
{load_item id="-1" itemtype="1" assign="topLevel"}
{configuration cache="blix.design"}
		<html xmlns="http://www.w3.org/1999/xhtml" xml:lang="de" lang="de">
		<head>
		    <title>{$TITLE}</title>
		    <meta http-equiv="Content-Type" content="text/html; charset=ISO-8859-1" />
		    <link rel="stylesheet" href="{stylesheet name="blix_stylesheet_main"}" type="text/css" media="screen, projection" >
		    <meta name="generator" content="{bigace_version full='true'}">
		    <style type="text/css">
		    {literal}
		    .CopyrightFooter { margin-top:10px; }
		    .copyright { font-size: 12px; color: #444444; }
		    {/literal}
		    </style>
		    
		    <script type="text/javascript">
		    var xTerm1 = '{translate key="empty_searchterm"}';
		    var xTerm2 = '{translate key="short_searchterm"}';
		    {literal}
		    function doQuickSearch()
		    {
		    	if(document.getElementById('s').value.length == 0) {
		            alert(xTerm1);
		            return false;
		        }
		        else if(document.getElementById('s').value.length < 4) {
		            alert(xTerm2);
		            return false;
		        }
				return true;
		    }
		    {/literal}
		    </script>
		<body>
		<div id="container">
		
		<div id="header">
			<h1>{$TITLE}</h1>
		    <div class="languages">{switch_language languages="de,en" hideActive="true"}</div>
		</div>
		
		<table cellspacing="0" cellpadding="0" border="0" width="100%">
		<tr>
		    <td>
		        <div id="navigation">
		            <ul>
						{configuration package="blix.design" key="show.home.in.topmenu" default=true assign="homeInMenu"}
						{if $homeInMenu}
		    	            <li><a href="{navilink item="$topLevel"}">{$topLevel->getName()}</a></li>
						{/if}
		                {navigation id="-1" prefix="<li>" suffix="</li>" selected="selected"}
		            </ul>
		        </div>
		    </td>
		    <td valign="top">
		        <div id="navigation">
		            <form action="{link_search id=$MENU->getID()}" method="post" onSubmit="return doQuickSearch();">
		                <fieldset>
		                    <input type="text" name="search" value="" id="s" />
		                    <input type="hidden" name="language" value="{$MENU->getLanguageID()}" />
		                    <input type="submit" value="{translate key="search_button"}" id="searchbutton" name="searchbutton" />
		                </fieldset>
		            </form>
		        </div>
		    </td>
		</tr>
		</table>
<hr class="low" />

<div id="content">

]]></content>
        </row>
        <row>
            <name key="true">BLIX (Footer Applications)</name>
            <cid key="true">{CID}</cid>
            <description>Footer for Applications, using the BLIX Design style.</description>
            <inwork>0</inwork>
            <include>1</include>
            <timestamp function="true">unix_timestamp()</timestamp>
            <userid>1</userid>
            <filename>BLIX+Footer+Applications.tpl</filename>
            <content><![CDATA[
</div>

<hr class="low" />

<div id="subcontent">

{portlets assign="blixPortlets" id=$MENU->getID() lang=$MENU->getLanguageID()}
{foreach from=$blixPortlets item='myPortlet'}
   {$myPortlet->getJavascript()}
   <h2><em>{$myPortlet->getTitle()}</em></h2>
   {$myPortlet->getHtml()}
{/foreach}

</div>

<hr class="low" />

<div id="footer">
    <p><strong>&copy; Copyright {$smarty.now|date_format:"%Y"} {configuration package="blix.design" key="copyright.footer" default="Kevin Papst"}. All rights reserved.</strong><br />
    Powered by {bigace_version link=true full=true}. 
{if $USER->isAnonymous()}
	<a target="_self" href="{link_login id=$MENU->getID()}">{translate key="login"}</a>
{else}
    <a target="_blank" href="{link_admin id=$MENU->getID()}">{translate key="admin"}</a> | <a target="_self" href="{link_logout id=$MENU->getID()}">{translate key="logout"}</a>
{/if}
</p>
</div>

</div>
</body>
</html>
            ]]></content>
        </row>
	</table>    

    <table name="stylesheet">
        <row>
            <name key="true">blix_stylesheet_main</name>
            <cid key="true">{CID}</cid>
            <description>The overall-default Style for the BLIX Layout.</description>
            <filename>spring_flavour/style.css</filename>
            <editorcss>blix_editor</editorcss>
        </row>
        <row>
            <name key="true">blix_layout</name>
            <cid key="true">{CID}</cid>
            <description>The layout Stylesheet for BLIX.</description>
            <filename>spring_flavour/layout.css</filename>
            <editorcss>blix_editor</editorcss>
        </row>
        <row>
            <name key="true">blix_spring_flavour</name>
            <cid key="true">{CID}</cid>
            <description>The spring flavour Stylesheet for BLIX.</description>
            <filename>spring_flavour/spring_flavour.css</filename>
            <editorcss>blix_editor</editorcss>
        </row>
        <row>
            <name key="true">blix_editor</name>
            <cid key="true">{CID}</cid>
            <description>The FCKeditor Stylesheet for BLIX.</description>
            <filename>spring_flavour/editor.css</filename>
            <editorcss>blix_editor</editorcss>
        </row>
    </table>    

    <table name="design">
        <row>
            <name key="true">BLIX</name>
            <cid key="true">{CID}</cid>
            <description>The default Style for the BLIX Layout.</description>
            <stylesheet>blix_stylesheet_main</stylesheet>
            <template>BLIX</template>
            <portlets>1</portlets>
        </row>
        <!--row>
            <name key="true">BLIX-Search</name>
            <cid key="true">{CID}</cid>
            <description>The Search result formular for the BLIX Layout.</description>
            <stylesheet>blix_spring_flavour</stylesheet>
            <template>BLIX-Search</template>
            <portlets>1</portlets>
        </row-->
    </table>    

    <table name="item_project_text">
        <row>
            <itemtype key="true">1</itemtype>
            <id key="true">-1</id>
            <cid key="true">{CID}</cid>
            <language key="true">de</language>
            <project_key key="true">portlet.config.column.1</project_key>
            <project_value><![CDATA[<?xml version='1.0'?>
<Portlets>
	<ToolPortlet css="toolPortlet" login="1" home="" />
	<NavigationPortlet css="navigationPortlet" hide.if.empty="1" language="" id="" />
	<LastEditedItemsPortlet css="lastEditedItemsPortlet" language="" amount="5" />
</Portlets>			
           	]]></project_value>
        </row>
        <row>
            <itemtype key="true">1</itemtype>
            <id key="true">-1</id>
            <cid key="true">{CID}</cid>
            <language key="true">en</language>
            <project_key key="true">portlet.config.column.1</project_key>
            <project_value><![CDATA[<?xml version='1.0'?>
<Portlets>
	<ToolPortlet css="toolPortlet" login="1" home="" />
	<NavigationPortlet css="navigationPortlet" hide.if.empty="1" language="" id="" />
	<LastEditedItemsPortlet css="lastEditedItemsPortlet" language="" amount="5" />
</Portlets>			
           	]]></project_value>
        </row>
    </table>    

    <table name="configuration">
        <row>
            <cid key="true">{CID}</cid>
            <package key="true">templates</package>
            <name key="true">application.footer</name>
            <value>BLIX (Footer Applications)</value>
            <type>tpl_inc</type>
            <extended></extended>
        </row>
        <row>
            <cid key="true">{CID}</cid>
            <package key="true">templates</package>
            <name key="true">application.header</name>
            <value>BLIX (Header Applications)</value>
            <type>tpl_inc</type>
            <extended></extended>
        </row>
        <row>
            <cid key="true">{CID}</cid>
            <package key="true">blix.design</package>
            <name key="true">show.footer.login</name>
            <value>TRUE</value>
            <type>boolean</type>
        </row>
        <row>
            <cid key="true">{CID}</cid>
            <package key="true">blix.design</package>
            <name key="true">show.home.in.topmenu</name>
            <value>TRUE</value>
            <type>boolean</type>
        </row>
        <row>
            <cid key="true">{CID}</cid>
            <package key="true">blix.design</package>
            <name key="true">copyright.footer</name>
            <value>Kevin Papst</value>
            <type>string</type>
        </row>
        <row>
            <cid key="true">{CID}</cid>
            <package key="true">blix.design</package>
            <name key="true">top.menu.start.id</name>
            <value>-1</value>
            <type>menu_id</type>
        </row>
    </table>    

</content>