<content version="1.0">

    <table name="template">
        <row>
            <name key="true">CrystalX</name>
            <cid key="true">{CID}</cid>
            <description>The CrystalX main template.</description>
            <inwork>0</inwork>
            <include>0</include>
            <timestamp function="true">unix_timestamp()</timestamp>
            <userid>1</userid>
            <filename>CrystalX.tpl</filename>
            <content><![CDATA[{include file="CrystalX-Header.tpl"}

        <!-- Content -->
        <div id="content">
<!-- Show Template Help -->
	{configuration package="CrystalX.design" key="Show.Template.Help" default=true assign="ShowHelp"}
	{if $ShowHelp}
	 {include file="CrystalX-Help.tpl"}
	 {/if}
<!-- /Show Template Help -->
            <!-- Article -->
            <div class="article">
                <h2><span>{$MENU->getName()}</span></h2>
                <p class="info noprint">
                    <span class="langvers f-left">{link_item_languages item=$MENU images=true locale=en}</span><span class="noscreen">,</span>
                    <span class="date">{$MENU->getLastDate()|date_format:"%d. %B %Y"}</span><span class="noscreen">,</span>
                    <span class="user">{user id=$MENU->getCreateByID()}</span><span class="noscreen">,</span>
{* comments and Category are not used
                    <span class="comments"><a href="#">Comments</a></span>
                    <span class="cat"><a href="#">Category</a></span><span class="noscreen">,</span>
*}
                </p>
	{modul menu=$MENU}
{*
                <p class="btn-more box noprint"><strong><a href="#">Continue</a></strong></p>
*}
            </div><!-- /article -->
           <hr class="noscreen" />
            
        </div> <!-- /content -->
{include file="CrystalX-Footer.tpl"}]]></content>
        </row>
        <row>
            <name key="true">CrystalX-Header</name>
            <cid key="true">{CID}</cid>
            <description>Header of the CrystalX Design.</description>
            <inwork>0</inwork>
            <include>1</include>
            <timestamp function="true">unix_timestamp()</timestamp>
            <userid>1</userid>
            <filename>CrystalX-Header.tpl</filename>
            <content><![CDATA[<!DOCTYPE html PUBLIC "-//W3C//DTD XHTML 1.0 Transitional//EN" "http://www.w3.org/TR/xhtml1/DTD/xhtml1-transitional.dtd">
<html xmlns="http://www.w3.org/1999/xhtml" xml:lang="{$MENU->getLanguageID()}" lang="{$MENU->getLanguageID()}">
<head>
<meta http-equiv="Content-Type" content="text/html; charset=utf-8" />
{metatags item=$MENU}
<META NAME="keywords" CONTENT="{$MENU->getCatchwords()}">
<META NAME="author" CONTENT="{user id=$MENU->getCreateByID()}">
<meta name="dc.date.created" scheme="ISO8601" content="{$MENU->getCreateDate()|date_format:"%Y-%m-%dT%T%Z"}">
<meta name="dc.date.modified" scheme="ISO8601" content="{$MENU->getLastDate()|date_format:"%Y-%m-%dT%T%Z"}">
<link rel="stylesheet" type="text/css" href="{stylesheet name="CrystalX_Main_Stylesheet"}" media="screen" title="CrystalX Main Stylesheet" />
<link rel="stylesheet" type="text/css" href="{stylesheet name="CrystalX_Aural_Stylesheet"}" media="aural" title="CrystalX Aural Stylesheet" />
<link rel="stylesheet" type="text/css" href="{stylesheet name="CrystalX_Print_Stylesheet"}" media="print" title="CrystalX Print Stylesheet" />
<link rel="shortcut icon" type="image/x-icon" href="{directory}favicon.ico" />
{load_translation name="bigace"}
{configuration cache="CrystalX.design"}
{portlets assign="CrystalXPortlets"}
{configuration package="CrystalX.design" key="Use.As.Topmenu" assign=UseAsTop}
{load_item itemtype="1" id="$UseAsTop" assign="topLevel"}
{load_item_childs id=$topLevel->getID() assign="topMenus"}
<!-- Portlet Javasscripts -->
	{configuration package="CrystalX.design" key="Use.Portlets" default=true assign="UsePortlets"}
	{if $UsePortlets}
	{foreach from=$CrystalXPortlets item="myPortlet"}
	   {$myPortlet->getJavascript()}
	{/foreach}
	{literal}
	<script type="text/javascript">
	function portletAdmin () 
	{fenster = open ("/bigace/application/{/literal}{$MENU->getID()}_tportlet_l{$MENU->getLanguageID()}{literal}/portletadmin.html","PortletAdministration","menubar=no,toolbar=no,statusbar=no,directories=no,location=no,scrollbars=yes,resizable=no,height=510,width=650,screenX=0,screenY=0");bBreite=screen.width;bHoehe=screen.height;fenster.moveTo((bBreite-650)/2,(bHoehe-510)/2);}
	</script>
	{/literal}
	{else}<!-- Portlets Disabled in Configuration -->{/if}
<!-- / Portlet Javascripts -->
</head>

<body>
<!-- Main -->
<div id="main" class="box">

    <!-- Header -->
    <div id="header">

<!-- Logotyp -->
	{configuration package="CrystalX.design" key="Use.sitename" assign="UseSiteName"}
	{if $UseSiteName}
        <h1 id="logo"><a href="./"><strong>{sitename|htmlspecialchars}</strong></a></h1>
	{else}
        <h1 id="logo"><a href="./"><strong>{configuration package="CrystalX.design" key="header.text" default="CrystalX"}</strong></a></h1>
	 {/if}
        <hr class="noscreen" />          

<!-- Quick links -->
        <div class="noscreen noprint">
            <p><em>Quick links: <a href="#content">content</a>, <a href="#tabs">navigation</a>, <a href="#search">search</a>.</em></p>
            <hr />
        </div>
<!-- Languages -->
	 <div id=language class="noprint f-right">
	 {languages assign="lngs"}
	 {foreach from=$lngs key="k" item="i"}
	 {switch_language languages="$k" locale="$k" alt="$i" hideactive="false"}
	 {/foreach}
	 </div>
<!-- Search -->
	{configuration package="CrystalX.design" key="Use.Search" default="false" assign="showSearch"}
	{if $showSearch}
		 {load_translation name="search"}
	 	 <div id="search" class="noprint">
	 	 <form action="{link_search id=$MENU->getID()}" method="post">
	 	 <input type="hidden" name="language" value="{$MENU->getLanguageID()}" />
	 	 <input type="hidden" name="limit" value="{configuration package="search" key="minimum.word.length" default="3"}" />
	 	 <fieldset><legend>Search</legend>
	 	 <label><span class="noscreen">Find:</span>
	 	 <span id="search-input-out"><input type="text" class="text" id="search-input" size="30" name="search" value="{translate key="search"}" /></span></label>
	 	 <input type="image" src="{directory}/CrystalX/search_submit.gif" id="search-submit" value="" /></fieldset>
	 	 </form>
	 	 </div>
	 {/if}
<!-- /search -->
    </div> 
<!-- Main menu (tabs) -->
     <div id="tabs" class="noprint">
       <h3 class="noscreen">Navigation</h3>
         <ul class="box">
	 {configuration package="CrystalX.design" key="Home.In.Navigation" assign="homeInNavi"}
	 {if $homeInNavi}
		<li {if $MENU->getID() == $topLevel->getID()} id="active"{/if}><a href="{link item=$topLevel}">{$topLevel->getName()}<span class="tab-l"></span><span class="tab-r"></span></a></li>
	 {/if}
        {foreach from=$topMenus item="menuEntry"}
		<LI {if $MENU->getID() == $menuEntry->getID()} id="active"{/if}><a href="{link item=$menuEntry}">{$menuEntry->getName()}<span class="tab-l"></span><span class="tab-r"></span></a></LI>
        {/foreach} 
	 </ul>
        <hr class="noscreen" />
     </div>
<!-- /tabs -->
    <!-- Page (2 columns) -->
    <div id="page" class="box">
    <div id="page-in" class="box">

        <div id="strip" class="box noprint">

<!-- RSS / AddThis -->
{* dont check for news yet
	 {configuration package="news" key="root.id" assign="newsInstalled" default=""}
	 {if !is_null($newsInstalled)&& $newsInstalled != ""}}
            <p id="rss"><strong>RSS:</strong> <a href="#">articles</a> / <a href="#">comments</a></p>
	 {else}
*}
	 {configuration package="seo" key="AddThis.UserName" default="" assign="addtuser"}
	 {if is_null($addtuser) || strlen(trim($addtuser)) == 0}
            <p id="addthis">&nbsp;&nbsp;{addthis_widget_drop}</p>
	 {else}
            <p id="addthis">&nbsp;&nbsp;{addthis_widget_drop username="$addtuser"}</p>
	 {/if}{*{/if}*}
            <hr class="noscreen" />
<!-- Breadcrumbs -->
	 {if $MENU->getID() == $topLevel->getID()}<!-- No Breadcrum in TopLevel -->{else}
            <p id="breadcrumbs">{translate key="you_are_here"}:&nbsp;&nbsp;{breadcrumb id=$MENU->getID() suffix='»'}</p>{/if}
            <hr class="noscreen" />
            
        </div> <!-- /strip -->
<!-- /header -->]]></content>
        </row>
        <row>
            <name key="true">CrystalX-Footer</name>
            <cid key="true">{CID}</cid>
            <description>Footer for the CrystalX Design.</description>
            <inwork>0</inwork>
            <include>1</include>
            <timestamp function="true">unix_timestamp()</timestamp>
            <userid>1</userid>
            <filename>CrystalX-Footer.tpl</filename>
            <content><![CDATA[<!-- Right column -->
        <div id="col" class="noprint">
            <div id="col-in">
<!-- Submenu -->
{configuration package="CrystalX.design" key="Use.As.Topmenu" assign=UseAsTop}
{load_item itemtype="1" id="$UseAsTop" assign="topLevel"}
				{if $MENU->getID() == $topLevel->getID()}
	 	 	 	 <h3><span>{$MENU->getName()}</span></h3>
<span class="desc">{$MENU->getDescription()}</span>
	 	 	 	 {else}
{if $MENU->hasChildren()}
                <h3><span>{$MENU->getName()}</span></h3>
                <ul id="menu">
				{load_item_childs id=$MENU->getID() language=$MENU->getLanguageID() assign="lm"}
				{if count($lm) > 0}
					    {foreach from=$lm item="lmi"}
					    <li><a href="{link item=$lmi}">{$lmi->getName()}</a></li>
					    {/foreach}
				{/if}
            </ul>
{else}
<h3><span>{$MENU->getName()}</span></h3>
<span class="desc">{$MENU->getDescription()}</span>
{/if}
				{/if}
<!-- /Submenu -->
{* Userdata
                <!-- About Me -->
                <h3><span><a href="#">About Me</a></span></h3>

                <div id="about-me">
                    <p><img src="design/tmp_photo.gif" id="me" alt="Yeah, it´s me!" />
                    <strong>John Doe</strong><br />
                    Age: 26<br />
                    Dallas, TX<br />
                    <a href="#">Profile on MySpace</a></p>
                </div> <!-- /about-me -->

 /Userdata *}
 {*                <!-- Category -->
                 <h3 ><span>Category</span></h3>
 
                 <ul id="category">
                     <li id="category-active"><a href="#">Selected category</a></li> <!-- Active -->
                     <li><a href="#">Category</a></li>
                     <li><a href="#">Category</a></li>
                     <li><a href="#">Category</a></li>
                     <li><a href="#">Category</a></li>
                 </ul>
*}
{*                <!-- Archive -->
                <h3><span>Archive</span></h3>

                <ul id="archive">
                   <li><a href="#">January 2007</a></li>
                    <li><a href="#">December 2006</a></li>
                    <li><a href="#">November 2006</a></li>
                    <li><a href="#">October 2006</a></li>
                    <li><a href="#">September 2006</a></li>
                    <li id="archive-active"><a href="#">August 2006</a></li> <!-- Active -->
                    <li><a href="#">July 2006</a></li>
                    <li><a href="#">June 2006</a></li>
                    <li><a href="#">May 2006</a></li>
                    <li><a href="#">April 2006</a></li>
                    <li><a href="#">March 2006</a></li>
                    <li><a href="#">February 2006</a></li>
                    <li><a href="#">January 2006</a></li>
                </ul>

*}
<!-- Portlets -->
	{configuration package="CrystalX.design" key="Use.Portlets" default=true assign="UsePortlets"}
	{if $UsePortlets}
{portlets assign="CrystalXPortlets"}
{foreach from=$CrystalXPortlets item='myPortlet'}
   <h3>{$myPortlet->getTitle()}</h3>
   {$myPortlet->getHtml()}
{/foreach}
{else}<!-- Portlets Disabled in Configuration -->
	 {/if}
<!-- /Portlets -->
            </div> <!-- /col-in -->
        </div> <!-- /col -->

    </div> <!-- /page-in -->
    </div> <!-- /page -->



<!-- Footer -->
    <div id="footer">
        <div id="top" class="noprint"><p><span class="noscreen">Back on top</span> <a href="#header" title="Back on top ^">^<span></span></a></p></div>
        <hr class="noscreen" />
                <p id="copyright" class="noscreen">Copyright &copy; {$smarty.now|date_format:"%Y"} {configuration package="Community" key="copyright.holder" default="Nuvio"}</P>
        <p id="createdby" class="noprint">created by <a href="http://www.nuvio.cz">Nuvio | Webdesign</a> <!-- DON´T REMOVE, PLEASE! --></p>
        <p id="copyright" class="noprint">Copyright &copy; {$smarty.now|date_format:"%Y"} {configuration package="Community" key="copyright.holder" default="Nuvio"}&nbsp;
|&nbsp;Ported to <a href="http://www.bigace.de" target="_blank">BIGACE</A> by <a href="http://dragonslayer.se" target="blank">DragonSlayer</a>&nbsp;
        {if $USER->isAnonymous()}
                    | <a rel="nofollow" target="_self" href="{link_login}">{translate key="login"}</a>
        {else}
	 	 <BR>
                    {permission_editcontent assign='allowEditor'}
                    {if $allowEditor}
                    | <a href="{link_editor id=$MENU->getID() language=$MENU->getLanguageID()}" target="_blank">{translate key="editor"}</a>
                    {if $UsePortlets}| <a href="/bigace/application/{$MENU->getID()}_tportlet_l{$MENU->getLanguageID()}/portletadmin.html" title="{translate key="portlet_admin"}" onclick="javascript:portletAdmin();return false;">{translate key="portlet_admin"}</a>{/if}
                    | <a href="{link_admin}">{translate key="admin"}</a>
                    {/if}
                    | <a href="{link_logout}">{translate key="logout"}</a>
        {/if}
</p>
    </div> <!-- /footer -->

</div> <!-- /main -->
	 {configuration package="seo" key="google.analytics" default="" assign="UseAnalytics"}
	 {if is_null($UseAnalytics) || strlen(trim($UseAnalytics)) == 0}
	 <!-- google_analytics id not configured -->
	 {else}
	 {google_analytics id="$UseAnalytics" track_user=true}
	 {/if}
</body>
</html>]]></content>
        </row>
        <row>
            <name key="true">CrystalX-Help</name>
            <cid key="true">{CID}</cid>
            <description>Help-Page for the CrystalX Design.</description>
            <inwork>0</inwork>
            <include>1</include>
            <timestamp function="true">unix_timestamp()</timestamp>
            <userid>1</userid>
            <filename>CrystalX-Help.tpl</filename>
            <content><![CDATA[
{load_translation name="admin_menus"}
<!-- The Help Page -->
            <div class="article">
                <h2><span>Template Help</span></h2>
                <p class="info noprint">
                    <span class="date">2009-06-11</span><span class="noscreen">,</span>
                    <span class="user"><a href="http://forum.bigace.de/index.php?action=profile;u=155" title="Ported by">DragonSlayer</a></span><span class="noscreen">,</span>
                    <span class="comments"><a href="http://forum.bigace.de/downloads/crystalx-design/" title="Give feedback in the bigace forum" target="_blank">{translate key="menu_feedback" default="feedback"}</a></span>
                </p>
{if $MENU->getLanguageID() == 'de'}
Willkommen bei
use konfig from {translate key="menu_index"}: {translate key="menu_system"} / {translate key="menu_configurations"}
Please insert your translation here: (edit CrystalX-Help.tpl)
{elseif $MENU->getLanguageID() == 'se'}
	 <P>Den här Hjälpsidan stänger du av via {translate key="menu_index"}: {translate key="menu_system"} / {translate key="menu_configurations"}<BR>
	 Ändra Show.Template.Help till FALSE för att dölja hjälpsidan<BR>
	 <A href="http://www.google.com/analytics" target="_blank">Google Analytics</A> och <A href="http://www.addthis.com/help/getting-started/analytics/" target="_blank">AddThis Analytics</A> används ifall du har angett ID/Username i konfigurationen<BR>
	 Målet med den här Templaten har varit att man aldrig skall behöva editera den manuellt<BR>
	 Har du förslag om vad mer kan göras med templaten får du gärna använda länken {translate key="menu_feedback" default="feedback"} här ovan!<BR>
	 Du kan även använda den för att lämna kritik (positiv eller negativ)<BR>
	 Placera din egen favicon.ico i {directory}favicon.ico<BR>
	 Det finns flera konfigurations inställningar för den här mallen:

{else}
	 <P>This help page can be disabled from the {translate key="menu_index"}: {translate key="menu_system"} / {translate key="menu_configurations"}<BR>
	 Set the Show.Template.Help to FALSE for normal operation<BR>
	 <A href="http://www.google.com/analytics" target="_blank">Google Analytics</A> and <A href="http://www.addthis.com/help/getting-started/analytics/" target="_blank">AddThis Analytics</A> are used if ID/Username is specifyed in configuration<BR>
	 The gooal is to never ever need to modify the Template Manually<BR>
	 Put your custom favicon.ico in {directory}favicon.ico<BR>
	 if using other language than english you could translate this helptext by editing <B>CrystalX-Help.tpl</B><BR>
	 There are several configuration settings used from the bigace system:

{/if}
<UL>
	 <LI>CrystalX: Show.Template.Help (<em>current setting</em>="<B>{configuration package="CrystalX.design" key="Show.Template.Help"}</B>")</LI>
	 <LI>CrystalX: Use Search (<em>current setting</em>="<B>{configuration package="CrystalX.design" key="Use.Search"}</B>")</LI>
	 <LI>CrystalX: header.text (<em>current setting</em>="<B>{configuration package="CrystalX.design" key="header.text"}</B>")</LI>
	 <LI>CrystalX: Use.sitename (<em>current setting</em>="<B>{configuration package="CrystalX.design" key="Use.sitename"}</B>")</LI>
	 <LI>CrystalX: Use.Portlets (<em>current setting</em>="<B>{configuration package="CrystalX.design" key="Use.Portlets"}</B>")</LI>
	 <LI>CrystalX: Home.In.Navigation (<em>current setting</em>="<B>{configuration package="CrystalX.design" key="Home.In.Navigation"}</B>")</LI>
	 <LI>CrystalX: Use.As.Topmenu (<em>current setting</em>="<B>{configuration package="CrystalX.design" key="Use.As.Topmenu"}</B>")</LI>
	 <LI>Community: copyright.holder (<em>current setting</em>="<B>{configuration package="community" key="copyright.holder"}</B>")</LI>
	 <LI>Community: sitename (<em>current setting</em>="<B>{sitename|htmlspecialchars}</B>")</LI>
	 <LI>Search: minimum.word.length (<em>current setting</em>="<B>{configuration package="search" key="minimum.word.length"}</B>")</LI>
	 <LI>seo: google.analytics (<em>current setting</em>="<B>{configuration package="seo" key="google.analytics"}</B>")</LI>
	 <LI>seo: AddThis.username (<em>current setting</em>="<B>{configuration package="seo" key="AddThis.UserName"}</B>")</LI>

	 </UL></P>
<P><table cellspacing="0" cellpadding="0" width="200" align="center" border="0">
    <tbody>
        <tr>
            <td colspan="3">This Template theme is totaly free.. :) The "portation" have taken much time, but i have learnt alot about the BIGACE CMS. If you feel that you like this template and would like to donate some money, please use one of the buttons below</td>
        </tr>
        <tr>
            <td><a href="https://www.paypal.com/cgi-bin/webscr?cmd=_donations&amp;business=owner%40dragonslayer%2ese&amp;item_name=Donation%20for%20CrystalX%20theme&amp;item_number=donation&amp;no_shipping=0&amp;cancel_return=http%3a%2f%2fdragonslayer%2ese%2ftack%2ehtml&amp;cn=Optional%20comments%3a&amp;tax=0&amp;currency_code=EUR&amp;bn=PP%2dDonationsBF&amp;charset=UTF%2d8"><img src="{directory}CrystalX/paypal_eu.gif" align="left"></a></td>
            <td><a href="https://www.paypal.com/cgi-bin/webscr?cmd=_donations&amp;business=owner%40dragonslayer%2ese&amp;item_name=Donation%20for%20CrystalX%20theme&amp;item_number=donation&amp;no_shipping=0&amp;cancel_return=http%3a%2f%2fdragonslayer%2ese%2ftack%2ehtml&amp;cn=Optional%20comments%3a&amp;tax=0&amp;currency_code=GBP&amp;bn=PP%2dDonationsBF&amp;charset=UTF%2d8"><img src="{directory}CrystalX/paypal_uk.gif" align="middle"></A></td>
            <td><a href="https://www.paypal.com/cgi-bin/webscr?cmd=_donations&amp;business=owner%40dragonslayer%2ese&amp;item_name=Donation%20for%20CrystalX%20theme&amp;item_number=donation&amp;no_shipping=0&amp;cancel_return=http%3a%2f%2fdragonslayer%2ese%2ftack%2ehtml&amp;cn=Optional%20comments%3a&amp;tax=0&amp;currency_code=USD&amp;bn=PP%2dDonationsBF&amp;charset=UTF%2d8"><img src="{directory}CrystalX/paypal_us.gif" align="right"></A></td>
        </tr>
    </tbody>
</table></P>
	 <Hr><p class="info">Copyright&nbsp;&copy; {$smarty.now|date_format:"%Y"} Ported to <a href="http://www.bigace.de/" target="_blank">BIGACE</A> 2.5 by DragonSlayer<br>
Template originally created by <a href="http://www.nuvio.cz">Nuvio | Webdesign</a> <!-- DON´T REMOVE, PLEASE! --></p>
	
            </div><!-- /article -->
           <hr class="noscreen" />

            ]]></content>
        </row>
        </table>    

    <table name="stylesheet">
        <row>
            <name key="true">CrystalX_Main_Stylesheet</name>
            <cid key="true">{CID}</cid>
            <description>Main CSS definitions for the CrystalX Layout.</description>
            <filename>CrystalX/main.css</filename>
        </row>
        <row>
            <name key="true">CrystalX_Print_Stylesheet</name>
            <cid key="true">{CID}</cid>
            <description>Print CSS definitions for the CrystalX Layout.</description>
            <filename>CrystalX/print.css</filename>
        </row>
        <row>
            <name key="true">CrystalX_Aural_Stylesheet</name>
            <cid key="true">{CID}</cid>
            <description>Aural CSS definitions for the CrystalX Layout.</description>
            <filename>CrystalX/aural.css</filename>
        </row>
    </table>    

    <table name="design">
        <row>
            <name key="true">CrystalX</name>
            <cid key="true">{CID}</cid>
            <description>The CrystalX design.</description>
            <stylesheet>CrystalX_Main_Stylesheet</stylesheet>
            <template>CrystalX</template>
            <portlets>1</portlets>
        </row>
    </table>

    <table name="configuration">
        <row>
            <cid key="true">{CID}</cid>
            <package key="true">templates</package>
            <name key="true">application.footer</name>
            <value>CrystalX-Footer</value>
            <type>tpl_inc</type>
        </row>
        <row>
            <cid key="true">{CID}</cid>
            <package key="true">templates</package>
            <name key="true">application.header</name>
            <value>CrystalX-Header</value>
            <type>tpl_inc</type>
        </row>
        <row>
            <cid key="true">{CID}</cid>
            <package key="true">CrystalX.design</package>
            <name key="true">header.text</name>
            <value>CrystalX</value>
            <type>string</type>
        </row>
        <row>
            <cid key="true">{CID}</cid>
            <package key="true">CrystalX.design</package>
            <name key="true">Show.Template.Help</name>
            <value>TRUE</value>
            <type>boolean</type>
        </row>
        <row>
            <cid key="true">{CID}</cid>
            <package key="true">CrystalX.design</package>
            <name key="true">Home.In.Navigation</name>
            <value>TRUE</value>
            <type>boolean</type>
        </row>
        <row>
            <cid key="true">{CID}</cid>
            <package key="true">CrystalX.design</package>
            <name key="true">Use.Portlets</name>
            <value>TRUE</value>
            <type>boolean</type>
        </row>
        <row>
            <cid key="true">{CID}</cid>
            <package key="true">CrystalX.design</package>
            <name key="true">Use.As.Topmenu</name>
            <value>-1</value>
            <type>menu_id</type>
        </row>
        <row>
            <cid key="true">{CID}</cid>
            <package key="true">CrystalX.design</package>
            <name key="true">Use.Search</name>
            <value>TRUE</value>
            <type>boolean</type>
        </row>
        <row>
            <cid key="true">{CID}</cid>
            <package key="true">CrystalX.design</package>
            <name key="true">Use.sitename</name>
            <value>0</value>
            <type>boolean</type>
        </row>
        <row>
            <cid key="true">{CID}</cid>
            <package key="true">seo</package>
            <name key="true">AddThis.UserName</name>
            <type>string</type>
        </row>
        <row>
            <cid key="true">{CID}</cid>
            <package key="true">seo</package>
            <name key="true">google.analytics</name>
            <type>string</type>
        </row>
    </table>    

</content>
