<content version="1.0">

    <table name="template">
	<row>
	    <name key="true">Lotusflower</name>
	    <cid key="true">{CID}</cid>
	    <description>Lotusflower design by Free CSS Templates.</description>
	    <inwork>0</inwork>
	    <include>0</include>
	    <timestamp function="true">unix_timestamp()</timestamp>
	    <userid>1</userid>
	    <filename>lotusflower.tpl</filename>
	    <content><![CDATA[{include file="lotusflower-header.tpl"}
<!-- start page -->
<div id="page">
	<!-- start content -->
	<div id="content">
		&nbsp;&nbsp;{breadcrumb id=$MENU->getID() suffix='»'}
		<div class="post">
			<div class="entry">
				{modul menu=$MENU}
				<p>&nbsp;</p>
			</div>
			<div class="meta">
				<p class="byline">{translate key="written_at"} {$MENU->getLastDate()|date_format:"%d.%m.%Y"}
				{configuration package="Lotusflower.design" key="Show.Author" default=true assign="ShowAuthor"}
				{if $ShowAuthor}	 	 	 	
				  by {user id=$MENU->getCreateByID()}
				{/if}
				</p>
			</div>
		</div>
	</div>
	<!-- end content -->
	<!-- start sidebar -->
	<div id="sidebar">
		<ul>
			<li>
				<h2>{$MENU->getName()}</h2>
				{if $MENU->hasChildren()}
				<ul>{navigation id=$MENU->getID() prefix="<li>" suffix="</li>"}</ul>
				{else} <p>{$MENU->getDescription()}</p>
				{/if}
			</li>
			{configuration package="Lotusflower.design" key="Show.Search" default="false" assign="ShowSearch"}
			{if $ShowSearch}
			  <li>
			  <script type="text/javascript">
			  {literal}
			  function doQuickSearch()
			    {
				if(document.getElementById('s').value.length == 0) {
				    alert('{/literal}{translate key="search_empty"}{literal}');
				    return false;
				}
				else if(document.getElementById('s').value.length < 4) {
				    alert('{/literal}{translate key="search_short"}{literal}');
				    return false;
				}
				return true;
			    }
			    {/literal}
			  </script>
			  <form action="{link_search id=$MENU->getID()}" method="post" onSubmit="return doQuickSearch();">
			    <fieldset>
			    <input type="text" style="width:100px" name="search" value="" id="s" />
			    <input type="hidden" name="language" value="{$MENU->getLanguageID()}" />
			    <input type="submit" value="{translate key="search"}" id="searchbutton" name="searchbutton" />
			    </fieldset>
			  </form>
			  </li>
			{/if}
		</ul>
	</div>
	<!-- end sidebar -->
	<div style="clear: both;">&nbsp;</div>
</div>
<!-- end page -->
{include file="lotusflower-footer.tpl"}
	    ]]></content>
	</row>
	<row>
	    <name key="true">Lotusflower-Header</name>
	    <cid key="true">{CID}</cid>
	    <description>Lotusflower design by Free CSS Templates header.</description>
	    <inwork>0</inwork>
	    <include>1</include>
	    <timestamp function="true">unix_timestamp()</timestamp>
	    <userid>1</userid>
	    <filename>lotusflower-header.tpl</filename>
	    <content><![CDATA[
<!DOCTYPE html PUBLIC "-//W3C//DTD XHTML 1.0 Transitional//EN" "http://www.w3.org/TR/xhtml1/DTD/xhtml1-transitional.dtd">
<!--

Design by Free CSS Templates
http://www.freecsstemplates.org
Released for free under a Creative Commons Attribution 2.5 License

Title      : Lotus Flower
Version    : 1.0
Released   : 20080501
Description: A two-column, fixed-width and lightweight template ideal for 1024x768 resolutions. Suitable for blogs and small websites.

-->
<html xmlns="http://www.w3.org/1999/xhtml">
{load_translation name="bigace}
{load_translation name="lotusflower"}
<head>
  <meta http-equiv="content-type" content="text/html; charset=utf-8" />
  <title>{sitename} - {$MENU->getName()}</title> 
  <meta name="description" content="{$MENU->getDescription()}" /> 
  <meta name="robots" content="index,follow" /> 
  <meta name="generator" content="{bigace_version full=true}" /> 
  <meta name="keywords" content="{$MENU->getCatchwords()}" />
  <meta name="author" content="{user id=$MENU->getCreateByID()}" />
  <meta name="site-created" content="{$MENU->getCreateDate()|date_format:"%d.%m.%Y"}" />
  <meta name="site-modified" content="{$MENU->getLastDate()|date_format:"%d.%m.%Y"}" />
  <meta name="copyright" content="{configuration package="community" key="copyright.holder" default="BIGACE CMS"}" />
  <link href="default.css" rel="stylesheet" type="text/css" />
  <link rel="stylesheet" href="{stylesheet name='lotusflower'}" type="text/css" />
</head>
<body>
{load_item id="-1" itemtype="1" assign="topLevel"}
<!-- start header -->
<div id="header">
	<div id="menu">
		<ul>
		    {navigation id="-1" prefix="<li>" suffix="</li>" counter="amount" selected="current_page_item"}
		</ul>
	</div>
</div>
<div id="logo-wrap">
<div id="logo">

	{configuration package="Lotusflower.design" key="Header.Text" assign="HeaderText"}
	{if isset($HeaderText)}
	  <h1><a href="./">{$HeaderText}</a></h1>
	{else}
	  <h1><a href="./">{sitename|htmlspecialchars}</a></h1>
	{/if}
	{configuration package="Lotusflower.design" key="Slogan.Text" assign="SloganText"}
	{if isset($SloganText)}
	  <h2>{$SloganText}</h2>
	{/if}

</div>
</div>
<!-- end header -->
	    ]]></content>
	</row>
	<row>
	    <name key="true">Lotusflower-Footer</name>
	    <cid key="true">{CID}</cid>
	    <description>Lotusflower design by Free CSS Templates.</description>
	    <inwork>0</inwork>
	    <include>1</include>
	    <timestamp function="true">unix_timestamp()</timestamp>
	    <userid>1</userid>
	    <filename>lotusflower-footer.tpl</filename>
	    <content><![CDATA[
<!-- start footer -->
<div id="footer">
	<div id="footer-wrap">
	<p id="legal">(c) {$smarty.now|date_format:"%Y"} {configuration package="community" key="copyright.holder" default="BIGACE CMS"}. {translate key="design_by"} <a href="http://www.freecsstemplates.org/">Free CSS Templates</a>.
	{translate key="powered_by"} {bigace_version link="true" full="true"}. 
	{if $USER->isAnonymous()} <a rel="nofollow" target="_self" href="{link_login id=$MENU->getID()}">{translate key="login"}</a>
	{else} <a target="_blank" href="{link_admin}">{translate key="admin"}</a> | <a target="_self" href="{link_logout id=$MENU->getID()}">{translate key="logout"}</a> {/if}
	</p>
	</div>
</div>
<!-- end footer -->
</body>
</html>
	    ]]></content>
	</row>


	</table>
    
    <table name="stylesheet">
	<row>
	    <name key="true">Lotusflower-Stylesheet</name>
	    <cid key="true">{CID}</cid>
	    <description>CSS definitions for the Lotusflower Layout.</description>
	    <filename>lotusflower/style.css</filename>
	</row>
    </table>    

    <table name="design">
	<row>
	    <name key="true">Lotusflower</name>
	    <cid key="true">{CID}</cid>
	    <description>Lotusflower design by Free CSS Templates.</description>
	    <stylesheet>Lotusflower-Stylesheet</stylesheet>
	    <template>Lotusflower</template>
	    <portlets>0</portlets>
	</row>
    </table>

    <table name="configuration">
	<row>
	    <cid key="true">{CID}</cid>
	    <package key="true">templates</package>
	    <name key="true">application.header</name>
	    <value>Lotusflower-Header</value>
	    <type>tpl_inc</type>
	</row>
	<row>
	    <cid key="true">{CID}</cid>
	    <package key="true">templates</package>
	    <name key="true">application.footer</name>
	    <value>Lotuflower-Footer</value>
	    <type>tpl_inc</type>
	</row>
	<row>
	    <cid key="true">{CID}</cid>
	    <package key="true">Lotusflower.design</package>
	    <name key="true">Header.Text</name>
	    <value>Lotusflower</value>
	    <type>string</type>
	</row>
	<row>
	    <cid key="true">{CID}</cid>
	    <package key="true">Lotusflower.design</package>
	    <name key="true">Slogan.Text</name>
	    <value>by Free CSS Templates</value>
	    <type>string</type>
	</row>
	<row>
	    <cid key="true">{CID}</cid>
	    <package key="true">Lotusflower.design</package>
	    <name key="true">Show.Author</name>
	    <value>TRUE</value>
	    <type>boolean</type>
	</row>
	<row>
	    <cid key="true">{CID}</cid>
	    <package key="true">Lotusflower.design</package>
	    <name key="true">Show.Search</name>
	    <value>FALSE</value>
	    <type>boolean</type>
	</row>

    </table>    

</content>
