<content version="1.0">

    <table name="template">
        <row>
            <name key="true">Andreas02 - Header</name>
            <cid key="true">{CID}</cid>
            <description>Andreas02: Header include</description>
            <inwork>0</inwork>
            <include>1</include>
            <timestamp function="true">unix_timestamp()</timestamp>
            <userid>1</userid>
            <filename>Andreas02-Header.tpl</filename>
            <content><![CDATA[
<html xmlns="http://www.w3.org/1999/xhtml" xml:lang="{$MENU->getLanguageID()}" lang="{$MENU->getLanguageID()}">
<head>
	<meta http-equiv="content-type" content="text/html; charset=iso-8859-1" />
	<meta name="description" content="your description goes here" />
    <meta name="generator" content="{bigace_version full='true'}">
	<meta name="keywords" content="your,keywords,goes,here" />
	<meta name="author" content="Your Name / Original design by Andreas Viklund - http://andreasviklund.com/" />
	<link rel="stylesheet" type="text/css" href="{stylesheet name="andreas02"}" media="screen,projection" title="andreas02 (screen)" />
	<link rel="stylesheet" type="text/css" href="{stylesheet name="andreas02_print"}" media="print" />
	<title>BIGACE Web CMS | {$MENU->getName()}</title>
</head>
{load_translation name="andreas02"}

<body>
<div id="toptabs">
<p>{translate key="site_network"}
<a class="activetoptab" href="index.html">Personal</a><span class="hide"> | </span>
<a class="toptab" href="index.html">My Company</a><span class="hide"> | </span>
<a class="toptab" href="index.html">Artist projects</a><span class="hide"> | </span>
<a class="toptab" href="index.html">Shop</a></p>
</div>

<div id="container">
<div id="logo">
<h1><a href="{link id="-1"}">your slogan here</a></h1>
</div>

<div id="search">
{translate key="search"} 
<form id="searchForm" name="search" action="{link_search id=$MENU->getID()}" method="post">
    <input type="hidden" name="language" value="{$MENU->getLanguageID()}" />
    <input type="hidden" name="limit" value="5" />
    <input type="text" class="text" id="s" name="search" value="" />
	<button type="submit">{translate key="search_button"}</button>
</form>
</div>

<div id="navitabs">
<h2 class="hide">{translate key="site_menu"}</h2>
{navigation id="-1" css="navitab" selected="activenavitab" last="" suffix='<span class="hide"> | </span>'}
</div>
	
<div id="desc">
<h2>Welcome to andreas02!</h2>
<p>This is a free XHTML/CSS website template that you can use for any purpose without any obligations or limitations! 
It was originally released in August 2005, and has since been updated several times. 
It uses XHTML 1.0 Strict and CSS, and it has no tables at all.</p>
<p class="right"><a href="#">{translate key="readmore"}</a> &raquo;</p>
</div>

<div id="main">
            ]]></content>
        </row>
        <row>
            <name key="true">Andreas02</name>
            <cid key="true">{CID}</cid>
            <description>Andreas02: Free template port by Kevin Papst</description>
            <inwork>0</inwork>
            <include>0</include>
            <timestamp function="true">unix_timestamp()</timestamp>
            <userid>1</userid>
            <filename>Andreas02.tpl</filename>
            <content><![CDATA[<!DOCTYPE html PUBLIC "-//W3C//DTD XHTML 1.0 Strict//EN" "http://www.w3.org/TR/xhtml1/DTD/xhtml1-strict.dtd">
{include file="Andreas02-Header.tpl"}

{if $MENU->getID() != -1}
<div id="wayhome"><span>{translate key="you_are_here"} &raquo;&nbsp;</span>{breadcrumb prefix="&raquo;&nbsp;"}</div>
{/if}
{modul menu=$MENU}
<p style="font-size: x-small;">{translate key="written_at"} {$MENU->getCreateDate()|date_format:"%d. %B %Y"} {translate key="written_by"} {user id=$MENU->getCreateByID()}</p>

{include file="Andreas02-Footer.tpl"}
            ]]></content>
        </row>
        <row>
            <name key="true">Andreas02 - Footer</name>
            <cid key="true">{CID}</cid>
            <description>Andreas02: Footer include</description>
            <inwork>0</inwork>
            <include>1</include>
            <timestamp function="true">unix_timestamp()</timestamp>
            <userid>1</userid>
            <filename>Andreas02-Footer.tpl</filename>
            <content><![CDATA[
</div>

<div id="sidebar">
<div id="addthis">{addthis_widget_drop}</div>

<h3>{translate key="more_infos"}</h3>
{if $MENU->getDescription() != ""}
<p>{$MENU->getDescription()}</p>
{/if}

<p>
{if $MENU->getID() != -1 && $MENU->hasChilds()}
{navigation id=$MENU->getID() css="sidelink" last="" suffix='<span class="hide"> | </span>'}
{elseif $MENU->getID() != -1 && $MENU->getParentID() != -1}
{navigation id=$MENU->getParentID() css="sidelink" last="" suffix='<span class="hide"> | </span>'}
{/if}
</p>

<h3>Image example:</h3>
<p><img class="photo" src="{directory}andreas02/test.jpg" height="100" width="130" alt="" /><br />
"It happens every day: information overload! Time for a reboot..."<br />
(traditional haiku poem)</p>
</div>
    
<div id="footer">
<p>Copyright &copy; {$smarty.now|date_format:"%Y"} <a href="index.html">Your Name</a> &middot; 
<a href="#">{translate key="footer_contact"}</a> &middot; <a href="#">{translate key="footer_policy"}</a> &middot; 
{if $USER->isAnonymous()}
	Design by <a href="http://andreasviklund.com/">Andreas Viklund</a> &middot; 
	<a target="_self" href="{link_login id=$MENU->getID()}">{translate key="login"}</a>
{else}
    <a target="_blank" href="{link_admin id=$MENU->getID()}">{translate key="admin"}</a> &middot; 
	{permission_editcontent assign='allowEditor'}
	{if $allowEditor}
    <a target="_blank" href="{link_editor id=$MENU->getID() language=$MENU->getLanguageID()}">{translate key="editor"}</a> &middot; 
	{/if}
	<a target="_self" href="{link_logout id=$MENU->getID()}">{translate key="logout"}</a>
{/if}
</p>
</div>

</div>
</body>
</html>
            ]]></content>
        </row>
    </table>    

    <table name="stylesheet">
        <row>
            <name key="true">andreas02</name>
            <cid key="true">{CID}</cid>
            <description>The default stylesheet for andreas02.</description>
            <filename>andreas02/andreas02.css</filename>
            <editorcss>andreas02_editor</editorcss>
        </row>
        <row>
            <name key="true">andreas02_print</name>
            <cid key="true">{CID}</cid>
            <description>The printer friendly stylesheet for andreas02.</description>
            <filename>andreas02/print.css</filename>
            <editorcss>andreas02_editor</editorcss>
        </row>
        <row>
            <name key="true">andreas02_editor</name>
            <cid key="true">{CID}</cid>
            <description>Editor stylesheet for andreas02.</description>
            <filename>andreas02/editor.css</filename>
            <editorcss>andreas02_editor</editorcss>
        </row>
    </table>    

    <table name="design">
        <row>
            <name key="true">Andreas02</name>
            <cid key="true">{CID}</cid>
            <description>Andreas02 - free Template port</description>
            <stylesheet>andreas02</stylesheet>
            <template>Andreas02</template>
            <portlets>1</portlets>
        </row>
    </table>

    <table name="configuration">
        <row>
            <cid key="true">{CID}</cid>
            <package key="true">templates</package>
            <name key="true">application.footer</name>
            <value>Andreas02 - Footer</value>
            <type>tpl_inc</type>
            <extended></extended>
        </row>
        <row>
            <cid key="true">{CID}</cid>
            <package key="true">templates</package>
            <name key="true">application.header</name>
            <value>Andreas02 - Header</value>
            <type>tpl_inc</type>
            <extended></extended>
        </row>
    </table>

</content>