<content version="1.0">

    <table name="configuration">
        <row update="false">
            <cid key="true">{CID}</cid>
            <package key="true">youtube</package>
            <name key="true">title</name>
            <value>YouTube Video Player</value>
            <type>string</type>
        </row>
        <row update="false">
            <cid key="true">{CID}</cid>
            <package key="true">youtube</package>
            <name key="true">class</name>
            <value>youtube-player</value>
            <type>string</type>
        </row>
        <row update="false">
            <cid key="true">{CID}</cid>
            <package key="true">youtube</package>
            <name key="true">width</name>
            <value>480</value>
            <type>integer</type>
        </row>
        <row update="false">
            <cid key="true">{CID}</cid>
            <package key="true">youtube</package>
            <name key="true">height</name>
            <value>390</value>
            <type>integer</type>
        </row>
    </table>

</content>