<?xml version="1.0" encoding="utf-8" ?>
<Templates imagesBasePath="fck_template/images/">
	<Template title="Image and Title" image="template1.gif">
		<Description>One main image with a title and text that surround the image.</Description>
		<Html>
			<![CDATA[
				<img style="MARGIN-RIGHT: 10px" height="100" alt="" width="100" align="left"/>
				<h3>Type the title here</h3>
				Type the text here
			]]>
		</Html>
	</Template>
	<Template title="Strange Template" image="template2.gif">
		<Description>A template that defines two colums, each one with a title, and some text.</Description>
		<Html>
			<![CDATA[
				<table cellspacing="0" cellpadding="0" width="100%" border="0">
					<tbody>
						<tr>
							<td width="50%">
							<h3>Title 1</h3>
							</td>
							<td>&nbsp;&nbsp;&nbsp;&nbsp;&nbsp;&nbsp;&nbsp;&nbsp;&nbsp; </td>
							<td width="50%">
							<h3>Title 2</h3>
							</td>
						</tr>
						<tr>
							<td>Text 1</td>
							<td>&nbsp;</td>
							<td>Text 2</td>
						</tr>
					</tbody>
				</table>
				More text goes here.
			]]>
		</Html>
	</Template>
	<Template title="Text and Table" image="template3.gif">
		<Description>A title with some text and a table.</Description>
		<Html>
			<![CDATA[
				<div style="WIDTH: 80%">
				<h3>Title goes here</h3>
				<p>
				<table style="FLOAT: right" cellspacing="0" cellpadding="0" width="150" border="1">
					<tbody>
						<tr>
							<td align="center" colspan="3"><strong>Table title</strong></td>
						</tr>
						<tr>
							<td>&nbsp;</td>
							<td>&nbsp;</td>
							<td>&nbsp;</td>
						</tr>
						<tr>
							<td>&nbsp;</td>
							<td>&nbsp;</td>
							<td>&nbsp;</td>
						</tr>
						<tr>
							<td>&nbsp;</td>
							<td>&nbsp;</td>
							<td>&nbsp;</td>
						</tr>
						<tr>
							<td>&nbsp;</td>
							<td>&nbsp;</td>
							<td>&nbsp;</td>
						</tr>
					</tbody>
				</table>
				Type the text here</p>
				</div>
			]]>
		</Html>
	</Template>
</Templates>
