<content version="1.0">

    <table name="frights">
        <row>
            <cid key="true">{CID}</cid>
            <name key="true">comments.activate</name>
            <defaultvalue>N</defaultvalue>
            <description>Allows to activate pending Comments.</description>
        </row>
        <row>
            <cid key="true">{CID}</cid>
            <name key="true">comments.edit</name>
            <defaultvalue>N</defaultvalue>
            <description>Allows to edit Comments.</description>
        </row>
        <row>
            <cid key="true">{CID}</cid>
            <name key="true">comments.delete</name>
            <defaultvalue>N</defaultvalue>
            <description>Allows to delete Comments.</description>
        </row>
    </table>  
        
    <table name="configuration">
        <row>
            <cid key="true">{CID}</cid>
            <package key="true">comments</package>
            <name key="true">auto.activate.unregistered</name>
            <value>0</value>
            <type>boolean</type>
        </row>
        <row>
            <cid key="true">{CID}</cid>
            <package key="true">comments</package>
            <name key="true">auto.activate.registered</name>
            <value>0</value>
            <type>boolean</type>
        </row>
        <row>
            <cid key="true">{CID}</cid>
            <package key="true">comments</package>
            <name key="true">allow.html</name>
            <value>0</value>
            <type>boolean</type>
        </row>
        <row>
            <cid key="true">{CID}</cid>
            <package key="true">comments</package>
            <name key="true">css.use.internal</name>
            <value>1</value>
            <type>boolean</type>
        </row>
        <row>
            <cid key="true">{CID}</cid>
            <package key="true">comments</package>
            <name key="true">email.required</name>
            <value>1</value>
            <type>boolean</type>
        </row>
        <row>
            <cid key="true">{CID}</cid>
            <package key="true">comments</package>
            <name key="true">email.send.moderator</name>
            <value>0</value>
            <type>boolean</type>
        </row>
        <row>
            <cid key="true">{CID}</cid>
            <package key="true">comments</package>
            <name key="true">email.recipient.moderator</name>
            <value></value>
            <type>string</type>
        </row>
        <row>
            <cid key="true">{CID}</cid>
            <package key="true">comments</package>
            <name key="true">email.send.posting</name>
            <value>0</value>
            <type>boolean</type>
        </row>
        <row>
            <cid key="true">{CID}</cid>
            <package key="true">comments</package>
            <name key="true">email.recipient.posting</name>
            <value></value>
            <type>string</type>
        </row>
        <row>
            <cid key="true">{CID}</cid>
            <package key="true">comments</package>
            <name key="true">email.from</name>
            <value></value>
            <type>string</type>
        </row>
    </table>

    <table name="template">
        <row>
            <name key="true">Comments-Listing-Form</name>
            <cid key="true">{CID}</cid>
            <description>Example include, displaying comments for the current page including a formular.</description>
            <inwork>0</inwork>
            <include>1</include>
            <timestamp function="true">unix_timestamp()</timestamp>
            <userid>1</userid>
            <filename>Comments-Listing-Form.tpl</filename>
            <content><![CDATA[
{load_translation name="comments-form"}
{configuration package="comments" key="css.use.internal" assign="useCSS" default=true}
{configuration package="comments" key="email.required" assign="emailRequired" default=false}
{if $useCSS}
    <link rel="stylesheet" href="{stylesheet name="Comments"}" type="text/css">
{/if}

<a name="comments"></a>
{comments preview="preview" assign="comments" item=$MENU admin="commentAdmin"}      
<div id="comments">
{foreach from=$comments item="comment"}
	<div class="comment"> <a name="comment{$comment.id}"></a>
		{if $comment.activated == 0}
			<div class="commentHint">{translate key="comment.pending"}</div>  
		{/if}
		<div class="commentMeta"><span class="commentName">{$comment.name}</span> {if $comment.homepage != ''}(<a{if $comment.anonymous} rel="nofollow"{/if} href="{$comment.homepage}">Web</a>){/if} {translate key="comment.written_at"} {$comment.timestamp|date_format:"%m.%d.%y, %H:%M"}:</div>
		<div class="commentText">{$comment.comment|nl2br}</div>
	</div>
{/foreach}
{if isset($commentAdmin.mode) && $commentAdmin.mode == 'preview'}
	<div class="comment">
		<div class="commentHint">{translate key="comment.preview"}</div>
		<div class="commentMeta"><span class="commentName">{$preview.name}</span> {if $preview.homepage != ''}(<a{if $comment.anonymous} rel="nofollow"{/if} href="{$preview.homepage}">Web</a>){/if} {translate key="comment.written_at"} {$preview.timestamp|date_format:"%m.%d.%y, %H:%M"}:</div>
		<div class="commentText">{$preview.comment|nl2br}</div>
	</div>
{/if}
 
</div>

<a name="commentForm"></a>
<div id="commentForm">
<form method="post" action="">
	{if isset($commentAdmin.missing) && count($commentAdmin.missing) > 0}
	<div class="commentFailure commentMissing">{translate key="comment.missing.values"}</div>
	{/if}
	<div class="commentInput">
	<label for="commentName"{if isset($commentAdmin.missing) && in_array('name', $commentAdmin.missing)} class="commentMissing"{/if}>{translate key="comment.formular.name"}</label><br/>
	<input type="text" name="name" id="commentName" value="{$preview.name}">
	</div>

	<div class="commentInput">
	<label for="commentEmail"{if isset($commentAdmin.missing) && in_array('email', $commentAdmin.missing)} class="commentMissing"{/if}>{if !$emailRequired}{translate key="comment.formular.email"}{else}{translate key="comment.formular.email.required"}{/if}</label><br/>
	<input type="text" name="email" id="commentEmail" value="{$preview.email}">
	</div>
	
	<div class="commentInput">
	<label for="commentHomepage">{translate key="comment.formular.homepage"}</label><br/>
	<input type="text" name="homepage" id="commentHomepage" value="{$preview.homepage}">
	</div>

	<div class="commentInput">
	<label for="commentText"{if isset($commentAdmin.missing) && in_array('comment', $commentAdmin.missing)} class="commentMissing"{/if}>{translate key="comment.formular.comment"}</label><br/>
	<textarea name="comment" id="commentText">{$preview.comment}</textarea>
	</div>

	<button type="submit" name="mode" value="preview" class="previewButton">{translate key="comment.formular.preview"}</button>
	<button type="submit" name="mode" value="create" class="createButton">{translate key="comment.formular.create"}</button>
</form>
</div>
]]></content>
        </row>
    </table>    

    <table name="stylesheet">
        <row>
            <name key="true">Comments</name>
            <cid key="true">{CID}</cid>
            <description>Stylesheet for the 'Comments-Listing-Form' Template.</description>
            <filename>comments/example.css</filename>
            <editorcss>Comment-Example</editorcss>
        </row>
    </table>    

</content>
