<content version="1.0">

    <table name="item_1" update="false">
        <row>
            <id key="true">-1</id>
            <cid key="true">{CID}</cid>
            <language key="true">ru</language>
            <mimetype>text/html</mimetype>
            <name>Home</name>
            <parentid>-9999</parentid>
            <description>Menu TOP-LEVEL</description>
            <catchwords>BIGACE WEB CMS</catchwords>
            <createdate function="true">unix_timestamp()</createdate>
            <createby>1</createby>
            <modifieddate function="true">unix_timestamp()</modifieddate>
            <modifiedby>1</modifiedby>
            <workflow></workflow>
            <unique_name>index_ru.html</unique_name>
            <text_1>-1_ru.html</text_1>
            <text_2>-1_ru.html</text_2>
            <text_3>displayContent</text_3>
            <text_4>BLIX</text_4>
            <text_5>ПОЗДРАВЛЯЕМ! Установка системы управления контентом BIGACE успешно завершена! Начните работу с входа в систему, используя имя пользователя и пароль заданные на этапе установки. После успешного входа, появится дополнительный пункт меню позволяющий зайти в панель администрирования BIGACE и воспользоваться редактором контента. Дальнейшую информацию о компонентах системы Вы можете получить на сайте BIGACE. Кроме того, там же Вы можете всегда скачать самую последнюю версию системы, дополнительные модули и темы.</text_5>
            <num_1 null="true" />
            <num_2 null="true" />
            <num_3>1</num_3>
            <num_4>0</num_4>
            <num_5>0</num_5>
            <date_1>0</date_1>
            <date_2>0</date_2>
            <date_3>0</date_3>
            <date_4>0</date_4>
            <date_5>0</date_5>
        </row>
    </table>

    <table name="item_4" update="false">
        <row>
            <id key="true">-1</id>
            <cid key="true">{CID}</cid>
            <language key="true">ru</language>
            <mimetype>image/gif</mimetype>
            <name>Images</name>
            <parentid>-9999</parentid>
            <description>Image TOP-LEVEL</description>
            <catchwords></catchwords>
            <createdate function="true">unix_timestamp()</createdate>
            <createby>1</createby>
            <modifieddate function="true">unix_timestamp()</modifieddate>
            <modifiedby>1</modifiedby>
            <workflow></workflow>
            <unique_name></unique_name>
            <text_1>empty.gif</text_1>
            <text_2></text_2>
            <text_3></text_3>
            <text_4></text_4>
            <text_5></text_5>
            <num_1 null="true" />
            <num_2 null="true" />
            <num_3>0</num_3>
            <num_4>0</num_4>
            <num_5>0</num_5>
            <date_1>0</date_1>
            <date_2>0</date_2>
            <date_3>0</date_3>
            <date_4>0</date_4>
            <date_5>0</date_5>
        </row>
    </table>    

    <table name="item_5" update="false">
        <row>
            <id key="true">-1</id>
            <cid key="true">{CID}</cid>
            <language key="true">ru</language>
            <mimetype>image/gif</mimetype>
            <name>Files</name>
            <parentid>-9999</parentid>
            <description>File TOP-LEVEL</description>
            <catchwords></catchwords>
            <createdate function="true">unix_timestamp()</createdate>
            <createby>1</createby>
            <modifieddate function="true">unix_timestamp()</modifieddate>
            <modifiedby>1</modifiedby>
            <workflow></workflow>
            <unique_name></unique_name>
            <text_1>empty.gif</text_1>
            <text_2></text_2>
            <text_3></text_3>
            <text_4></text_4>
            <text_5></text_5>
            <num_1>0</num_1>
            <num_2>0</num_2>
            <num_3>0</num_3>
            <num_4>0</num_4>
            <num_5>0</num_5>
            <date_1>0</date_1>
            <date_2>0</date_2>
            <date_3>0</date_3>
            <date_4>0</date_4>
            <date_5>0</date_5>
        </row>
    </table>    

    <table name="unique_name" update="false">
        <row>
            <cid key="true">{CID}</cid>
            <itemtype key="true">1</itemtype>
            <itemid key="true">-1</itemid>
            <language key="true">ru</language>
            <name>index_ru.html</name>
        </row>
    </table>

</content>
