<content version="1.0">

    <table name="configuration">
        <row update="false">
            <cid key="true">{CID}</cid>
            <package key="true">video</package>
            <name key="true">player.title</name>
            <value>Video Player</value>
            <type>string</type>
        </row>
        <row update="false">
            <cid key="true">{CID}</cid>
            <package key="true">video</package>
            <name key="true">player.class</name>
            <value>video-player</value>
            <type>string</type>
        </row>
        <row update="false">
            <cid key="true">{CID}</cid>
            <package key="true">video</package>
            <name key="true">player.width</name>
            <value>480</value>
            <type>integer</type>
        </row>
        <row update="false">
            <cid key="true">{CID}</cid>
            <package key="true">video</package>
            <name key="true">player.height</name>
            <value>390</value>
            <type>integer</type>
        </row>
    </table>

</content>