<content version="1.0">

    <table name="item_1" update="false">
        <row>
            <id key="true">-1</id>
            <cid key="true">{CID}</cid>
            <language key="true">fi</language>
            <mimetype>text/html</mimetype>
            <name>Home</name>
            <parentid>-9999</parentid>
            <description></description>
            <catchwords></catchwords>
            <createdate function="true">unix_timestamp()</createdate>
            <createby>1</createby>
            <modifieddate function="true">unix_timestamp()</modifieddate>
            <modifiedby>1</modifiedby>
            <workflow></workflow>
            <unique_name>index_fi.html</unique_name>
            <text_1>-1_fi.html</text_1>
            <text_2>-1_fi.html</text_2>
            <text_3>displayContent</text_3>
            <text_4>BLIX</text_4>
            <text_5>CONGRATULATION installation your BIGACE Content Management System successful After creating your first Website Consumer start your Site structure Content first Step Login with your Username Password combination entered during installation After successful login further icons will appear Toolbar opens Administration that gives full control BIGACE System components Contents opens Editor that allows edit current pages content Helpful Links find further informationen about BIGACE components visit BIGACE Website Sourceforge Projectpages will find newest BIGACE Version several Downloads Documentation further useful information Administration Themes Modules Layouts more last request would appreciate Email realize your Website with BIGACE Send Logo some further information will list Installation references Have with BIGACE your Website</text_5>
            <num_1 null="true" />
            <num_2 null="true" />
            <num_3>1</num_3>
            <num_4>0</num_4>
            <num_5>0</num_5>
            <date_1>0</date_1>
            <date_2>0</date_2>
            <date_3>0</date_3>
            <date_4>0</date_4>
            <date_5>0</date_5>
        </row>
    </table>

    <table name="item_4" update="false">
        <row>
            <id key="true">-1</id>
            <cid key="true">{CID}</cid>
            <language key="true">fi</language>
            <mimetype>image/gif</mimetype>
            <name>Images</name>
            <parentid>-9999</parentid>
            <description>Image TOP-LEVEL</description>
            <catchwords></catchwords>
            <createdate function="true">unix_timestamp()</createdate>
            <createby>1</createby>
            <modifieddate function="true">unix_timestamp()</modifieddate>
            <modifiedby>1</modifiedby>
            <workflow></workflow>
            <unique_name></unique_name>
            <text_1>empty.gif</text_1>
            <text_2></text_2>
            <text_3></text_3>
            <text_4></text_4>
            <text_5></text_5>
            <num_1 null="true" />
            <num_2 null="true" />
            <num_3>0</num_3>
            <num_4>0</num_4>
            <num_5>0</num_5>
            <date_1>0</date_1>
            <date_2>0</date_2>
            <date_3>0</date_3>
            <date_4>0</date_4>
            <date_5>0</date_5>
        </row>
    </table>    

    <table name="item_5" update="false">
        <row>
            <id key="true">-1</id>
            <cid key="true">{CID}</cid>
            <language key="true">fi</language>
            <mimetype>image/gif</mimetype>
            <name>Files</name>
            <parentid>-9999</parentid>
            <description>File TOP-LEVEL</description>
            <catchwords></catchwords>
            <createdate function="true">unix_timestamp()</createdate>
            <createby>1</createby>
            <modifieddate function="true">unix_timestamp()</modifieddate>
            <modifiedby>1</modifiedby>
            <workflow></workflow>
            <unique_name></unique_name>
            <text_1>empty.gif</text_1>
            <text_2></text_2>
            <text_3></text_3>
            <text_4></text_4>
            <text_5></text_5>
            <num_1>0</num_1>
            <num_2>0</num_2>
            <num_3>0</num_3>
            <num_4>0</num_4>
            <num_5>0</num_5>
            <date_1>0</date_1>
            <date_2>0</date_2>
            <date_3>0</date_3>
            <date_4>0</date_4>
            <date_5>0</date_5>
        </row>
    </table>    

    <table name="unique_name" update="false">
        <row>
            <cid key="true">{CID}</cid>
            <itemtype key="true">1</itemtype>
            <itemid key="true">-1</itemid>
            <language key="true">fi</language>
            <name>index_fi.html</name>
        </row>
    </table>

</content>
