<content version="1.0">

    <table name="template">
        <row>
            <name key="true">Translucent-Fluidity</name>
            <cid key="true">{CID}</cid>
            <description>The Translucent-Fluidity main template.</description>
            <inwork>0</inwork>
            <include>0</include>
            <timestamp function="true">unix_timestamp()</timestamp>
            <userid>1</userid>
            <filename>Translucent-Fluidity.tpl</filename>
            <content><![CDATA[{include file="Translucent-Fluidity-Header.tpl"}

<body>
{load_item itemtype="1" id="-1" assign="topLevel"}
<div id="header">
<h1>{configuration package="Translucent-Fluidity.design" key="header.text" default="Translucent Fluidity"}</h1>
</div>
<ul id="nav">
<LI><a href="{link item=$topLevel}">{$topLevel->getName()}</a> {navigation id="-1" suffix=" "}
{configuration package="Translucent-Fluidity.design" key="languages" assign="myLanguages"}
{switch_language languages=$myLanguages hideActive="false"}</li>
</ul>
<div id="container">
<div id="content">
       {modul menu=$MENU}
</div>


{include file="Translucent-Fluidity-Footer.tpl"}
            ]]></content>
        </row>
        <row>
            <name key="true">Translucent-Fluidity-Header</name>
            <cid key="true">{CID}</cid>
            <description>Header of the Translucent-Fluidity Design.</description>
            <inwork>0</inwork>
            <include>1</include>
            <timestamp function="true">unix_timestamp()</timestamp>
            <userid>1</userid>
            <filename>Translucent-Fluidity-Header.tpl</filename>
            <content><![CDATA[
<!DOCTYPE html PUBLIC "-//W3C//DTD XHTML 1.0 Transitional//EN"
    "http://www.w3.org/TR/xhtml1/DTD/xhtml1-transitional.dtd">
<html xmlns="http://www.w3.org/1999/xhtml">
{load_translation name="bigace"}
<head>
<meta http-equiv="Content-Type" content="text/html; charset=utf-8" />
<link rel="stylesheet" href="{$stylesheet}" type="text/css" />
<link rel="shortcut icon" type="image/x-icon" href="{directory}favicon.ico" />
{load_item itemtype="1" id="-1" assign="topLevel"}
{if isset($TITLE)}
    <title>{$TITLE}</title>
{elseif isset($MENU)}
    <title>{$MENU->getName()}</title>
{else}
<title>{$MENU->getName()} - {sitename}</title>
{/if}	
    <meta name="generator" content="{bigace_version full='true'}">
<META NAME="keywords" CONTENT="{$MENU->getCatchwords()}">
<META NAME="description" CONTENT="{$MENU->getDescription()}">
<META NAME="author" CONTENT="{user id=$MENU->getCreateByID()}">
</head>
]]></content>
        </row>
        <row>
            <name key="true">Translucent-Fluidity-Footer</name>
            <cid key="true">{CID}</cid>
            <description>Footer for the Translucent-Fluidity Design.</description>
            <inwork>0</inwork>
            <include>1</include>
            <timestamp function="true">unix_timestamp()</timestamp>
            <userid>1</userid>
            <filename>Translucent-Fluidity-Footer.tpl</filename>
            <content><![CDATA[
<div id="footer">
<p>Copyright&copy; {$smarty.now|date_format:"%Y"} {configuration package="Translucent-Fluidity.design" key="copyright.footer" default="arwen54"}&nbsp;
|&nbsp;XHTML template by <a href="http://www.karenblundell.com" target="blank">arwen54</a>&nbsp;|&nbsp;Ported by <a href="http://dragonslayer.se" target="blank">DragonSlayer</a>&nbsp;
        {if $USER->isAnonymous()}
                    | <a href="{link_login}">{translate key="login"}</a>
        {else}
                    {permission_editcontent assign='allowEditor'}
                    {if $allowEditor}
                    | <a href="{link_editor id=$MENU->getID() language=$MENU->getLanguageID()}">{translate key="editor"}</a>
                    {/if}
                    | <a href="{link_admin}">{translate key="admin"}</a>
                    | <a href="{link_logout}">{translate key="logout"}</a>
        {/if}
</p>
</div>
</div>
</body>
</html>
]]></content>
        </row>
	</table>    

    <table name="stylesheet">
        <row>
            <name key="true">Translucent-Fluidity_Stylesheet</name>
            <cid key="true">{CID}</cid>
            <description>CSS definitions for the Translucent Fluidity Layout.</description>
            <filename>Translucent-Fluidity/style.css</filename>
            <editorcss>Translucent-Fluidity_Editor</editorcss>
        </row>

        <row>
            <name key="true">Translucent-Fluidity_Editor</name>
            <cid key="true">{CID}</cid>
            <description>CSS definitions for the Translucent Fluidity theme, used in any WYSIWYG Editor.</description>
            <filename>Translucent-Fluidity/editor.css</filename>
            <editorcss>Translucent-Fluidity_Editor</editorcss>
        </row>
    </table>    

    <table name="design">
        <row>
            <name key="true">Translucent-Fluidity</name>
            <cid key="true">{CID}</cid>
            <description>The Translucent-Fluidity design.</description>
            <stylesheet>Translucent-Fluidity_Stylesheet</stylesheet>
            <template>Translucent-Fluidity</template>
            <portlets>0</portlets>
        </row>
    </table>

    <table name="configuration">
        <row>
            <cid key="true">{CID}</cid>
            <package key="true">templates</package>
            <name key="true">application.footer</name>
            <value>Translucent-Fluidity-Footer</value>
            <type>tpl_inc</type>
        </row>
        <row>
            <cid key="true">{CID}</cid>
            <package key="true">templates</package>
            <name key="true">application.header</name>
            <value>Translucent-Fluidity-Header</value>
            <type>tpl_inc</type>
        </row>
        <row>
            <cid key="true">{CID}</cid>
            <package key="true">Translucent-Fluidity.design</package>
            <name key="true">copyright.footer</name>
            <value>arwen54</value>
            <type>string</type>
        </row>
        <row>
            <cid key="true">{CID}</cid>
            <package key="true">Translucent-Fluidity.design</package>
            <name key="true">header.text</name>
            <value>Translucent Fluidity</value>
            <type>string</type>
        </row>
        <row>
            <cid key="true">{CID}</cid>
            <package key="true">Translucent-Fluidity.design</package>
            <name key="true">languages</name>
            <value>en,de</value>
            <type>string</type>
        </row>
    </table>    

</content>
