<content version="1.0">

    <table name="gaestebuch">
        <row>
            <id key="true">1</id>
            <cid key="true">{CID}</cid>
            <name>Kevin Papst</name>
            <email>nospam@bigace.de</email>
            <homepage>http://www.bigace.de/</homepage>
            <eintrag><![CDATA[ 
                First test entry :-)
                <br>
                Enjoy BIGACE and have fun with your Website!
                <br><br>
                Kevin
            ]]></eintrag>
            <timestamp function="true">unix_timestamp()</timestamp>
        </row>
    </table>    

    <table name="frights">
        <row>
            <cid key="true">{CID}</cid>
            <name key="true">guestbook_admin</name>
            <defaultvalue>N</defaultvalue>
            <description>Allows to edit and delete all Guestbook Entrys.</description>
        </row>
    </table>    

</content>
